publication,userLike
1,15
1,876
1,584
1,762
1,320
1,582
1,188
1,14
1,824
1,160
1,74
1,736
1,517
1,529
1,210
1,295
1,145
1,823
1,315
2,198
2,565
2,788
2,687
2,5
2,162
2,38
2,569
2,759
2,396
2,323
2,259
2,513
2,632
2,13
2,630
2,66
2,629
2,507
2,594
2,647
2,585
2,909
2,138
2,458
2,65
2,255
2,37
2,97
2,99
3,192
3,403
3,130
3,225
3,823
3,335
5,322
7,200
7,577
7,824
7,42
7,276
7,274
7,135
7,377
7,542
7,147
7,278
7,213
7,99
7,181
7,153
7,95
7,819
7,357
7,307
7,19
7,60
7,697
8,26
8,272
8,55
8,758
8,635
8,135
8,244
8,278
8,564
8,393
8,765
8,153
8,59
8,607
8,631
8,883
8,307
8,19
8,60
8,158
8,88
9,27
9,331
9,275
10,265
10,27
10,331
10,108
11,761
11,596
11,573
11,572
11,327
11,157
11,665
11,796
11,13
11,2
11,129
11,138
11,290
11,366
11,540
11,144
11,261
11,110
11,825
11,939
11,74
12,421
12,333
13,160
13,538
13,147
13,574
13,230
13,597
13,97
13,167
13,575
13,84
13,130
13,254
13,888
13,660
13,137
13,809
13,68
13,795
13,229
13,726
13,547
13,30
13,278
13,82
13,59
13,385
14,252
14,506
14,92
14,272
14,633
14,66
14,389
14,544
14,14
15,511
15,765
15,92
15,15
15,38
15,515
15,255
15,77
16,5
16,207
16,19
16,62
16,203
16,7
16,551
16,829
16,525
16,751
16,250
16,625
16,144
16,16
16,78
16,211
16,641
16,274
16,500
16,578
16,480
16,257
16,750
16,88
16,297
16,65
16,73
16,58
16,535
16,3
16,524
16,809
16,838
16,377
16,254
16,178
16,205
16,188
16,2
16,908
16,39
16,332
16,143
16,566
16,24
16,117
16,517
16,549
16,503
16,146
16,458
16,633
16,86
16,299
16,213
16,21
16,28
17,82
17,581
17,454
17,157
17,618
17,241
17,705
18,189
18,26
18,54
18,518
18,332
18,20
18,147
18,766
18,391
18,649
18,151
18,18
18,393
18,10
18,148
18,269
18,652
18,689
18,47
18,158
18,512
18,53
18,30
18,330
18,632
18,174
18,21
18,119
18,41
18,266
18,797
18,532
18,80
18,57
18,234
18,128
18,658
18,700
18,828
18,612
18,38
18,644
19,784
19,144
19,85
19,55
19,46
19,268
19,587
19,374
19,206
19,272
19,361
19,243
19,300
19,569
19,148
19,280
19,775
19,925
20,526
20,273
20,29
20,92
20,145
20,208
20,265
20,313
20,146
20,334
20,160
20,148
22,82
22,271
22,21
22,130
22,83
22,113
22,262
22,567
22,185
22,146
22,50
22,138
22,465
22,107
22,278
22,528
22,398
22,192
25,206
25,179
25,34
25,257
25,280
25,903
25,23
25,464
25,177
25,694
25,146
25,523
25,585
27,618
27,178
27,154
27,352
28,553
28,780
28,789
28,561
28,184
28,455
28,432
28,530
28,477
28,635
28,855
29,295
29,561
29,119
29,277
29,420
31,337
31,215
31,29
31,310
32,54
33,93
33,540
33,654
33,30
33,56
33,5
33,798
33,766
33,170
33,174
33,271
33,269
33,41
33,516
33,468
33,111
33,253
33,313
33,602
33,285
33,657
33,373
33,897
33,167
33,136
33,279
33,138
33,907
34,17
34,227
34,799
34,180
34,101
34,94
34,786
34,55
34,166
34,32
34,781
34,58
34,378
34,157
34,296
34,384
34,344
34,39
34,313
34,37
34,284
34,664
34,83
34,638
34,219
34,595
34,328
34,242
34,755
34,67
34,132
34,160
36,603
36,243
36,34
36,197
36,595
36,970
36,291
36,287
36,409
36,43
36,979
36,53
36,782
36,37
36,643
36,94
36,313
36,781
36,407
36,99
37,631
37,537
37,54
37,332
37,305
37,254
37,668
37,12
37,158
37,143
37,297
37,23
37,289
37,16
37,130
37,95
37,754
37,159
37,287
37,399
37,204
37,52
37,286
37,351
37,49
37,44
37,316
37,529
37,328
38,37
38,783
38,300
38,513
38,485
38,295
38,806
38,503
38,545
38,410
38,271
38,536
38,46
38,724
38,790
38,18
38,163
38,659
38,447
39,513
39,719
39,806
39,594
39,919
39,46
39,724
39,790
39,880
39,356
40,290
40,514
40,785
40,37
40,443
40,537
40,161
40,115
40,44
41,782
41,158
41,37
41,163
41,40
41,432
42,255
42,527
42,299
42,36
42,77
42,158
42,140
42,292
42,288
42,52
42,40
42,6
43,296
43,286
43,603
44,178
44,305
44,355
44,109
44,36
44,617
44,296
44,229
44,86
44,467
45,286
46,242
46,603
47,669
47,680
47,286
47,298
47,666
47,290
47,727
48,290
48,872
48,843
48,236
48,369
48,228
48,726
48,352
48,557
48,55
48,416
48,541
49,183
49,278
49,290
49,843
49,369
49,228
49,354
49,49
49,352
49,557
49,55
49,780
49,416
49,419
49,546
49,494
49,990
51,44
52,45
52,170
52,11
52,61
52,77
52,633
52,121
52,14
52,209
52,6
52,55
52,166
52,303
52,510
52,69
52,656
52,687
52,639
52,280
52,607
52,196
54,359
55,40
55,29
55,111
55,518
55,103
55,648
55,134
55,120
55,58
55,113
55,42
55,50
55,635
55,174
55,953
55,372
55,783
55,237
55,288
55,735
55,616
56,978
56,373
56,49
56,120
56,176
56,58
56,163
56,42
56,524
56,55
56,953
56,244
56,236
56,372
56,309
56,237
56,414
57,58
58,175
58,660
58,33
58,674
58,549
58,275
58,797
58,308
58,60
58,510
58,371
58,40
58,50
58,49
58,21
58,225
58,237
58,161
58,538
58,18
58,548
58,298
58,143
58,116
59,175
59,72
59,536
59,308
59,183
59,798
59,510
59,371
59,36
59,237
59,161
59,17
59,306
59,541
59,273
59,644
60,115
60,809
60,805
60,597
60,522
62,54
62,786
62,52
64,20
64,556
64,435
64,272
64,775
64,312
64,196
64,104
64,181
64,407
64,642
64,57
64,310
64,669
64,938
64,242
64,555
65,678
65,244
65,48
65,301
65,424
65,26
65,431
65,119
65,897
65,27
65,185
65,604
65,183
65,861
65,277
66,9
66,555
66,527
66,288
66,509
66,550
66,32
66,511
66,157
66,47
66,65
66,102
66,142
67,619
67,527
67,46
67,335
67,50
67,49
67,174
67,792
67,433
67,511
68,9
68,555
68,527
68,307
68,791
68,683
68,288
68,509
68,165
68,554
68,58
68,792
68,159
68,433
68,157
68,256
68,44
68,503
68,101
69,609
69,179
69,683
69,46
69,50
69,49
69,792
70,561
70,301
70,140
70,121
70,118
70,241
70,543
70,359
70,557
70,566
70,51
70,104
70,306
70,408
70,965
70,186
70,812
70,169
70,122
71,118
71,43
71,359
71,672
71,408
71,957
73,244
73,249
73,59
73,561
73,255
73,109
73,43
73,169
73,431
74,832
74,272
74,113
75,970
75,122
75,93
75,119
75,327
75,610
75,90
75,67
75,581
75,193
75,443
75,272
75,98
75,445
75,876
75,657
75,336
75,546
75,154
75,571
75,421
75,107
75,575
75,196
75,56
75,190
75,447
75,113
75,215
75,672
75,486
75,35
75,129
75,981
76,441
77,195
77,438
77,75
77,325
77,97
77,441
77,631
77,924
78,420
78,312
78,192
78,316
78,854
78,110
78,549
78,82
78,70
78,132
78,97
78,690
78,320
78,85
78,199
78,596
79,120
79,229
79,192
79,76
79,199
79,693
80,338
80,96
80,2
80,312
80,571
80,229
80,515
80,408
80,190
80,316
80,854
80,84
80,265
80,82
80,937
80,64
80,720
80,445
80,132
80,596
81,65
81,202
81,296
81,210
82,34
82,595
82,569
82,175
82,198
82,784
82,135
82,983
82,378
82,96
82,72
82,194
82,219
82,767
82,296
82,58
82,315
82,99
82,108
83,186
83,441
83,139
83,7
83,722
83,528
83,13
83,319
83,518
83,66
83,240
83,201
83,110
83,568
83,762
83,90
83,226
83,474
83,579
83,740
83,847
85,117
85,222
85,227
85,89
85,258
85,575
85,573
85,44
85,343
85,76
85,844
85,12
85,568
85,580
85,461
85,77
85,95
85,699
85,332
85,131
85,226
85,793
85,719
85,196
85,121
86,83
86,313
86,885
86,726
86,243
86,321
86,316
86,613
86,575
86,820
86,199
86,325
87,72
87,951
87,720
87,836
89,338
89,90
89,193
89,75
89,84
89,457
90,192
90,451
90,75
90,85
90,449
92,66
92,340
92,129
92,74
92,149
92,451
92,75
92,449
92,134
92,621
92,273
92,764
92,80
92,230
93,85
95,200
95,320
95,76
95,139
95,327
95,148
95,38
95,565
95,167
95,70
95,604
95,515
95,71
95,15
96,110
96,207
96,692
96,148
96,612
96,89
96,735
96,85
96,118
96,206
96,359
97,63
97,104
97,7
97,212
97,331
97,555
97,892
97,275
97,94
97,392
97,953
97,583
97,337
97,3
97,114
97,25
97,210
97,112
97,534
97,372
97,940
97,84
97,235
97,188
97,329
97,847
97,322
98,339
98,212
98,87
98,337
98,322
100,81
101,947
101,17
101,612
101,507
101,300
101,81
101,205
101,709
101,83
101,315
101,609
101,690
101,339
102,82
102,484
103,582
103,22
103,340
103,53
103,278
103,28
103,333
103,759
103,65
103,113
103,151
104,204
104,83
104,54
104,333
104,335
105,204
105,489
105,439
105,90
105,248
105,255
105,335
106,85
106,337
106,271
107,867
107,590
107,588
107,492
107,244
107,237
107,39
107,228
107,618
107,353
108,592
109,213
109,135
109,76
109,205
109,227
109,859
109,530
109,103
109,217
109,236
109,97
109,823
109,211
109,698
110,82
110,310
110,333
110,83
110,90
110,325
110,340
111,325
111,478
111,638
111,352
111,305
111,208
111,942
111,763
112,231
113,22
113,373
113,338
113,124
113,589
114,217
114,89
114,107
114,576
114,238
114,530
114,468
114,213
114,124
114,111
115,353
115,93
115,109
115,811
115,541
115,344
115,121
115,359
115,757
115,550
115,867
115,597
115,447
115,722
115,425
115,849
115,660
115,104
115,703
115,605
115,112
115,672
115,222
118,116
118,103
118,807
118,863
118,69
118,307
118,977
119,103
119,564
119,718
119,33
119,80
119,662
119,76
119,191
119,785
119,159
119,77
119,863
119,69
119,115
119,70
119,360
119,10
119,102
119,111
119,193
119,502
119,977
119,416
119,164
119,486
119,812
120,596
120,863
120,115
120,424
120,307
120,977
120,584
120,486
121,534
121,784
121,157
121,486
121,438
121,659
121,199
121,667
121,725
121,99
121,346
121,327
121,862
121,97
121,320
121,69
122,784
122,93
122,503
122,86
122,221
122,486
122,438
122,312
122,725
122,99
122,346
122,366
122,327
122,344
122,65
122,854
122,322
122,313
122,96
122,862
122,753
122,298
122,32
122,194
122,320
122,94
122,42
123,473
123,121
123,160
123,124
123,93
123,562
123,82
123,161
123,567
123,200
123,303
123,720
123,191
123,254
123,259
123,613
123,96
123,97
123,324
123,527
124,160
124,187
124,472
124,240
124,845
124,720
124,266
124,191
124,64
124,349
124,847
124,165
124,602
125,107
125,233
125,345
125,350
125,564
126,553
126,37
126,111
126,54
126,537
126,248
126,853
126,224
126,687
126,586
126,225
126,107
126,828
126,724
126,233
126,345
126,350
126,105
126,800
126,65
126,848
126,327
127,116
128,110
128,101
128,492
128,351
128,77
128,744
128,470
128,864
130,200
130,102
130,110
130,243
130,167
132,247
132,544
132,971
132,728
132,75
132,813
132,36
132,447
132,95
132,167
132,844
132,509
132,227
132,58
132,359
132,358
133,826
133,95
133,794
133,97
133,41
133,158
133,88
133,111
133,905
133,611
133,511
133,651
133,572
133,577
133,260
134,826
134,33
134,545
134,95
134,101
134,150
134,107
134,869
134,794
134,117
134,736
134,119
134,108
134,158
134,200
134,233
134,534
134,111
134,71
134,853
134,651
134,572
134,311
135,117
135,42
135,628
135,931
135,192
135,854
135,140
135,513
135,597
135,353
135,636
135,182
135,291
136,106
136,729
136,55
136,111
136,59
136,353
136,290
136,541
136,291
137,231
138,355
138,100
138,184
139,730
139,202
139,106
140,104
140,617
140,46
140,107
141,334
141,607
142,430
142,191
142,48
142,238
142,222
142,678
142,372
142,922
142,812
142,348
142,731
142,113
142,516
142,614
142,178
143,348
143,116
143,60
143,492
144,78
144,55
144,329
144,211
144,177
144,572
144,860
144,987
144,118
144,706
144,609
144,67
144,113
144,110
144,518
144,50
144,228
144,348
144,49
145,800
145,99
145,734
145,119
145,361
145,345
145,365
145,243
145,835
145,117
145,103
145,352
145,55
145,192
145,112
145,486
145,92
146,42
146,696
146,328
146,300
146,237
146,98
146,52
146,79
146,547
146,87
146,604
146,78
146,34
146,595
146,610
146,487
147,331
147,721
147,112
147,73
147,52
147,100
147,198
147,188
147,111
147,93
147,619
148,438
148,328
148,721
148,112
148,136
148,604
148,78
148,111
148,619
148,487
149,308
149,177
149,373
149,80
149,247
149,363
149,73
149,818
149,53
149,82
149,146
150,373
150,363
150,280
151,738
151,522
152,584
152,738
152,522
152,53
153,358
153,757
153,929
153,249
153,706
153,109
153,242
153,50
154,100
154,122
154,358
155,367
155,548
155,242
155,114
155,247
155,614
155,774
156,248
157,963
157,151
157,620
157,111
157,86
157,266
157,27
157,234
157,6
157,213
157,244
157,580
158,169
158,248
158,868
158,185
159,116
159,589
159,243
159,248
159,42
159,121
159,404
160,121
160,893
160,623
160,557
160,589
160,178
160,534
160,256
160,574
160,403
161,106
161,92
161,280
162,664
162,345
162,690
162,139
162,751
162,172
162,879
162,820
162,133
162,80
162,393
162,135
162,720
162,115
162,885
162,633
162,615
162,448
162,881
162,406
162,182
162,30
164,817
164,192
164,83
164,376
164,903
164,209
164,374
164,630
164,980
164,223
164,212
164,134
166,631
166,788
166,22
166,881
166,152
166,648
167,412
168,22
168,176
168,875
168,669
168,15
168,222
168,160
168,392
168,155
168,754
168,630
168,212
168,505
168,128
168,443
168,221
168,639
168,693
168,349
169,689
169,340
169,224
169,197
169,137
169,126
169,336
169,405
169,664
169,209
169,549
169,187
169,139
169,87
169,168
169,43
169,477
169,625
169,711
169,72
169,37
169,138
169,669
169,963
169,602
169,104
169,33
169,289
169,176
169,10
169,213
169,184
169,136
169,964
169,110
169,886
169,695
169,637
169,430
169,914
169,978
169,263
169,212
172,158
172,705
172,631
172,183
172,640
172,136
172,197
172,200
172,165
172,56
172,117
172,391
172,128
172,542
172,226
173,262
173,134
173,988
173,481
173,384
173,222
173,320
173,61
173,390
173,184
173,142
173,383
173,942
173,387
174,138
174,140
174,462
174,246
174,126
174,262
174,15
174,435
174,257
174,382
174,29
174,153
174,157
174,408
174,879
174,764
174,657
174,171
174,583
174,582
174,5
174,640
174,434
174,12
174,377
174,173
175,736
176,140
179,195
179,235
179,376
179,150
179,520
179,183
179,442
179,205
179,29
179,454
179,187
179,667
179,149
179,126
179,208
179,194
179,634
179,74
179,210
179,165
179,144
179,410
179,47
179,66
179,188
180,392
180,206
180,7
180,236
180,155
180,35
180,455
180,90
180,654
180,642
180,485
180,216
180,214
181,654
182,479
182,446
183,192
183,249
183,582
183,129
183,958
183,208
183,341
183,177
183,865
183,392
183,771
183,113
183,703
184,108
184,208
184,261
184,646
184,654
184,775
184,267
185,405
185,399
185,207
185,647
185,206
185,210
185,732
185,272
185,709
185,584
185,358
186,647
186,967
186,148
186,206
186,209
187,145
187,179
187,379
187,185
187,77
187,933
187,214
187,408
188,149
188,431
188,653
188,494
189,404
189,103
189,150
189,253
189,681
189,48
189,524
189,716
189,46
190,911
190,403
190,637
190,641
190,171
190,28
190,903
190,176
190,727
190,209
190,45
190,54
190,746
190,699
190,393
190,210
191,153
192,134
192,606
192,391
192,173
192,742
192,376
192,340
192,380
193,155
193,705
193,420
193,143
193,192
193,148
193,136
193,561
193,395
193,256
193,489
193,653
193,895
193,174
193,715
194,705
194,145
194,405
194,176
194,209
194,561
194,395
194,256
194,654
194,653
196,157
197,413
197,659
197,538
197,165
197,149
197,268
197,423
197,603
197,229
197,540
197,185
197,410
197,138
197,314
197,658
197,17
197,409
197,134
197,219
197,58
197,157
197,238
197,204
197,594
197,563
197,414
197,128
197,798
197,225
198,652
198,234
198,179
198,220
198,545
198,353
198,88
198,100
198,94
198,495
198,177
198,523
199,159
199,46
199,938
199,288
199,919
199,350
200,157
200,225
200,221
200,46
200,411
200,605
200,769
200,288
200,50
200,37
200,177
200,350
200,171
201,372
201,881
201,163
201,3
201,733
201,424
201,515
201,568
201,311
201,660
202,811
202,54
202,660
203,569
203,49
203,663
203,408
203,671
203,302
203,235
203,144
203,289
203,161
205,649
205,548
205,225
205,606
206,666
206,548
206,120
206,625
206,161
206,154
206,728
206,802
206,261
206,39
206,403
206,606
206,199
206,406
206,204
208,674
209,243
209,166
209,982
209,906
209,683
210,723
210,214
210,73
210,292
210,448
210,167
210,220
210,429
210,658
211,180
211,669
211,446
211,418
211,387
211,160
211,416
211,810
211,184
211,920
211,895
211,133
211,161
211,171
211,229
211,472
211,381
211,560
211,851
211,668
211,559
211,290
211,165
212,507
212,653
212,679
212,579
212,997
212,667
212,102
212,60
212,59
212,177
212,735
215,288
215,307
215,200
215,171
215,786
215,201
215,658
216,135
216,178
216,423
216,184
216,175
216,399
216,370
216,304
216,973
217,23
218,678
218,50
218,310
218,65
218,174
218,206
218,487
218,652
218,142
218,19
218,837
218,469
218,164
218,49
218,433
219,678
220,69
220,310
220,65
220,23
220,206
220,487
220,172
220,652
220,215
220,679
221,836
221,426
221,957
221,556
221,419
221,109
221,131
221,98
221,39
221,177
221,176
221,207
221,271
221,155
221,646
221,643
221,142
221,170
221,597
221,705
221,668
221,673
221,377
223,175
223,425
223,209
223,127
223,106
223,170
223,662
223,672
223,678
223,194
223,906
223,59
223,550
223,54
223,109
224,726
224,175
224,396
224,426
224,123
224,672
224,550
224,54
224,333
224,109
225,218
225,148
225,159
225,224
225,184
225,710
225,144
225,496
227,682
227,745
227,666
228,682
228,556
229,152
229,682
229,556
229,307
229,122
229,151
229,492
229,684
229,181
229,664
229,305
229,675
229,229
231,654
232,667
232,89
233,430
233,89
235,667
235,181
235,430
235,961
236,306
236,249
236,173
237,182
237,136
237,50
237,173
237,161
237,56
237,921
237,244
237,15
237,612
238,468
238,60
238,168
238,184
238,174
238,724
238,506
238,179
238,418
238,937
238,153
239,435
239,247
239,868
239,122
240,27
240,868
241,342
241,535
241,492
241,539
241,299
241,178
243,658
243,688
243,352
243,377
243,726
243,953
243,194
243,321
243,129
243,376
243,312
243,253
243,462
243,880
243,642
243,630
243,456
243,134
243,102
243,227
243,718
243,975
243,344
243,438
243,992
243,77
243,455
243,722
243,567
243,712
243,348
243,437
243,583
243,142
244,456
244,783
245,647
245,717
245,922
245,128
245,198
245,383
245,212
245,564
245,439
245,144
245,687
245,11
245,269
245,588
245,78
245,315
245,814
245,518
245,147
245,968
245,909
246,446
246,337
246,376
246,956
246,814
248,242
248,240
248,194
248,450
248,319
248,722
248,215
248,844
248,85
249,958
249,472
250,165
250,468
250,76
250,146
250,375
250,75
250,155
250,173
250,128
250,692
250,454
250,485
250,191
250,632
250,458
250,567
252,201
252,600
252,490
252,193
252,254
253,389
254,596
254,14
254,192
254,444
254,173
254,412
254,191
254,944
254,178
254,850
254,96
254,69
254,464
255,320
255,322
255,444
255,383
255,75
255,449
256,263
256,195
256,187
256,322
256,388
256,902
256,389
256,444
256,324
256,449
256,736
256,134
256,607
257,658
257,313
257,144
257,201
257,700
257,75
257,471
257,112
257,378
257,463
257,204
257,689
258,199
259,199
260,493
260,77
260,202
260,200
260,227
260,453
260,103
260,171
260,138
260,225
260,229
260,477
260,262
260,348
260,106
260,691
260,731
260,717
261,102
261,171
261,223
261,832
261,477
261,262
261,15
261,348
262,200
262,91
262,229
262,714
262,730
262,169
262,106
263,892
263,976
263,434
263,855
263,203
263,243
263,393
263,963
264,300
264,50
264,151
264,563
264,110
264,746
264,704
264,196
264,207
264,829
265,463
265,713
265,70
265,213
265,208
265,458
266,957
266,445
266,710
266,18
266,286
266,147
266,454
266,120
266,151
266,943
266,150
266,57
266,204
266,138
266,237
267,208
268,397
269,178
269,397
269,566
269,130
269,629
269,155
269,122
269,461
269,147
269,267
269,84
269,238
269,149
269,648
269,195
270,216
270,166
271,265
271,228
271,697
271,201
271,153
271,133
271,539
271,246
271,119
271,81
272,338
272,623
272,930
272,238
272,265
272,228
272,205
272,590
272,697
272,963
272,578
273,433
274,208
274,152
275,325
275,184
275,449
275,199
275,698
275,710
275,76
275,370
276,941
276,148
276,154
276,29
276,241
276,714
277,202
277,127
277,570
277,416
277,937
277,706
277,224
277,469
277,735
277,705
277,147
277,723
277,180
277,465
277,324
277,116
277,863
277,440
277,660
277,732
277,843
277,203
277,109
277,223
277,691
277,80
277,329
277,972
277,284
277,122
277,197
277,132
277,158
277,242
277,345
277,404
279,989
279,224
279,227
279,120
280,236
280,434
280,639
281,348
281,557
281,237
281,103
281,497
281,223
283,723
283,221
284,223
284,419
284,417
284,907
284,723
285,475
285,99
285,357
285,491
285,422
285,249
286,616
287,191
287,855
287,854
287,161
287,256
287,144
287,515
287,50
287,233
287,170
287,719
287,712
287,354
288,213
288,223
288,248
288,851
288,461
288,605
288,151
288,199
288,192
288,104
288,351
288,207
288,165
288,856
288,345
288,70
288,681
289,968
289,356
289,592
289,469
289,243
290,362
290,845
290,735
290,233
291,664
291,220
291,556
291,789
291,229
291,168
291,389
291,601
291,46
291,345
291,198
291,600
291,236
291,327
291,292
291,848
291,151
291,315
291,473
291,464
291,180
292,458
292,199
292,473
292,449
292,976
292,246
292,137
292,386
294,12
294,298
294,73
294,87
294,71
294,221
294,715
294,422
294,638
296,630
296,298
296,577
296,221
296,123
296,731
296,975
297,701
297,480
297,918
297,570
297,421
297,901
298,421
298,65
298,284
298,103
298,572
298,544
298,225
298,228
299,971
299,734
299,144
299,206
299,80
299,360
299,417
299,726
299,199
299,163
299,725
300,611
300,701
301,720
301,548
301,495
301,214
301,704
301,798
301,86
302,710
302,403
302,975
302,615
302,97
302,246
302,301
302,160
302,417
303,975
303,746
303,246
303,82
305,686
305,480
305,305
306,118
307,369
307,242
307,122
307,620
307,34
307,697
307,430
307,667
307,227
307,484
308,60
308,483
308,705
308,492
308,438
308,86
308,48
308,49
308,167
308,182
308,119
309,495
309,248
309,221
310,494
310,152
310,496
310,151
310,221
310,967
312,122
312,245
312,113
312,552
312,247
312,394
312,487
312,118
312,981
313,99
313,245
313,119
313,177
313,464
313,666
314,724
314,186
314,224
315,627
315,379
315,768
315,255
315,540
315,347
315,333
315,381
315,422
315,820
315,914
315,579
315,545
315,345
315,443
315,196
315,879
315,887
315,282
315,559
315,253
315,181
315,317
317,85
317,420
320,345
320,256
320,818
320,140
320,265
320,576
320,443
320,48
320,428
320,318
320,225
320,155
320,835
320,407
320,777
320,401
320,288
320,324
320,264
320,269
320,29
320,753
320,287
320,393
320,406
320,313
321,459
321,256
321,378
321,265
321,273
321,131
321,758
321,155
321,264
321,363
321,89
321,913
321,406
322,257
323,330
323,414
323,857
323,607
323,476
323,462
323,101
323,449
323,402
323,829
323,55
323,335
323,887
323,352
323,317
323,409
323,384
323,80
323,17
323,391
323,805
323,382
323,575
323,278
323,290
325,596
325,331
325,195
325,261
325,634
325,324
325,327
325,976
325,354
325,604
325,759
325,542
325,837
325,571
325,97
325,399
325,513
325,325
325,781
325,323
325,882
325,134
325,515
326,324
326,402
326,302
326,415
326,265
326,882
327,327
327,494
328,886
328,261
328,384
328,455
328,442
328,317
329,692
329,263
329,13
329,472
329,254
329,445
329,404
329,353
329,731
329,961
329,415
329,820
329,395
329,326
329,355
329,440
329,84
329,649
329,327
329,403
329,759
330,711
330,898
330,13
330,294
330,254
330,792
330,353
330,918
330,961
330,794
330,415
330,809
330,820
330,582
330,326
330,347
330,372
330,423
330,440
330,84
330,251
330,387
330,430
330,649
330,200
330,762
330,327
330,403
330,566
330,262
330,899
330,896
332,279
332,889
332,318
332,893
332,389
332,192
333,193
333,279
333,303
333,390
333,694
333,387
333,339
333,389
334,265
335,388
335,417
335,288
335,255
335,64
335,42
335,400
335,104
335,329
336,376
336,266
336,453
336,363
336,278
336,332
336,436
336,704
336,207
337,646
337,366
337,173
337,79
337,441
337,134
337,396
337,313
337,734
337,146
337,453
338,267
338,877
338,454
338,341
338,767
338,299
338,761
338,275
338,377
338,96
338,340
338,287
338,768
338,263
338,273
338,266
338,116
338,769
338,143
338,337
338,410
339,501
339,199
339,810
339,802
339,330
339,311
339,270
339,305
339,566
339,334
339,371
339,154
339,524
339,778
339,263
339,287
339,278
339,840
339,335
339,863
340,270
340,459
341,808
341,270
341,21
341,284
341,428
341,36
341,840
341,24
341,775
341,427
341,524
341,771
341,767
341,200
341,279
341,773
341,90
341,263
342,622
342,110
342,428
342,87
342,460
342,773
343,23
343,7
343,396
344,861
344,398
344,269
344,929
344,27
347,372
347,836
347,274
349,295
349,527
350,651
350,272
350,716
350,840
350,825
350,276
350,841
350,776
350,400
350,273
350,582
350,61
350,778
350,294
350,82
350,876
350,214
350,743
350,279
351,271
351,682
351,41
351,786
351,716
351,401
351,210
351,336
351,419
351,400
351,472
351,75
351,273
351,582
351,410
351,778
351,814
351,254
351,258
351,214
351,129
351,743
353,186
353,387
353,801
353,345
353,779
354,271
354,186
354,414
354,790
354,782
354,265
354,238
354,161
354,778
354,801
354,844
354,393
354,657
354,352
354,410
354,109
354,365
354,93
354,783
354,455
354,104
354,282
354,106
354,255
354,197
354,12
354,791
354,270
354,224
354,293
354,733
354,886
354,441
354,537
354,306
354,907
354,503
354,684
354,143
354,395
354,906
354,36
354,284
354,760
354,275
354,601
355,161
355,846
355,42
355,224
355,733
355,242
355,116
356,289
356,293
356,360
356,423
356,820
356,971
356,813
356,398
356,290
356,913
356,282
356,108
356,358
356,296
357,283
357,210
357,791
357,416
358,893
359,807
359,600
359,283
359,547
359,256
359,800
359,291
359,880
359,939
359,595
359,37
359,990
359,447
359,784
359,424
359,210
359,170
359,353
359,791
359,295
359,174
359,931
359,309
359,461
360,284
360,296
360,33
360,913
360,132
360,553
360,325
360,541
360,36
360,275
360,488
360,408
361,244
361,913
362,289
362,296
362,244
362,913
362,613
362,282
362,325
362,536
362,488
362,409
363,469
364,68
364,428
364,273
364,917
364,913
364,286
364,788
364,801
364,818
364,76
364,349
364,143
364,270
364,797
364,855
365,416
365,223
365,265
365,755
365,58
365,54
365,255
365,428
365,161
365,662
365,38
365,300
365,858
365,284
365,168
365,302
365,179
365,132
366,348
367,476
367,283
367,360
367,603
367,758
367,803
367,526
367,774
367,461
367,823
367,784
367,886
368,416
369,409
369,292
370,294
370,362
370,557
370,42
370,893
370,417
370,807
370,292
371,294
371,348
371,300
372,419
372,387
372,420
372,935
372,43
372,899
372,278
372,351
372,40
372,371
373,420
373,560
373,755
373,782
373,351
373,37
373,40
373,286
373,371
373,499
374,277
374,373
374,452
374,309
374,760
374,14
374,535
376,771
376,485
376,782
376,533
376,817
377,782
379,238
379,302
379,998
380,296
380,158
380,540
380,89
380,204
380,675
380,564
380,112
380,658
380,413
380,350
380,769
380,157
380,925
380,308
380,128
380,77
380,293
380,288
380,414
380,783
380,304
380,812
380,454
380,167
380,360
383,341
384,264
384,311
384,772
384,851
384,333
384,396
384,299
384,268
384,304
384,866
385,902
385,613
386,984
386,609
386,548
386,48
386,181
386,270
386,311
386,386
386,869
386,51
386,361
388,388
388,58
388,22
388,180
388,424
388,308
388,156
388,95
388,158
388,897
389,109
389,55
389,897
389,309
390,113
390,415
390,560
390,435
390,306
390,311
390,298
390,464
390,468
390,42
392,200
392,404
392,840
392,529
392,715
392,285
392,772
392,324
392,496
392,857
392,307
393,308
393,736
393,29
395,428
395,847
395,64
395,321
395,444
395,830
395,379
395,338
395,610
395,144
395,829
395,295
395,163
395,818
395,383
395,322
396,855
396,359
396,270
396,847
396,316
396,329
396,875
396,290
396,347
396,63
396,334
396,114
396,790
396,280
396,794
396,895
396,361
396,453
396,282
396,187
396,284
396,610
396,848
396,315
396,824
396,613
396,163
396,2
396,825
397,313
397,329
397,318
397,325
397,469
397,20
397,438
397,620
398,325
398,313
398,340
398,472
398,457
398,332
398,316
398,35
398,786
399,575
399,320
399,264
399,718
399,347
399,7
399,260
399,432
399,941
399,74
399,350
399,370
399,377
399,262
399,411
399,285
399,326
399,567
399,943
399,12
399,136
399,76
399,944
399,129
399,826
399,195
399,817
399,343
399,255
399,565
399,722
399,20
399,335
399,786
400,290
400,596
400,754
400,335
400,581
400,3
400,595
400,692
400,193
400,476
400,567
400,317
400,468
400,957
400,380
400,13
400,578
400,973
400,376
400,267
400,953
400,261
401,596
401,335
401,723
401,317
401,380
401,261
402,188
402,764
402,349
402,444
402,252
402,889
402,450
402,316
402,366
402,84
402,822
402,319
402,314
402,817
402,439
402,315
402,322
402,820
403,254
403,188
403,889
403,486
403,264
403,113
403,84
403,319
403,98
403,210
403,405
403,472
404,188
404,349
404,444
404,252
404,772
404,256
404,230
404,264
404,113
404,450
404,319
404,210
404,819
404,405
404,314
404,817
404,278
404,472
404,269
404,818
404,820
404,758
404,437
405,273
405,29
405,287
405,77
405,325
405,779
405,440
405,334
405,350
405,130
405,380
405,771
405,844
405,145
407,341
407,440
407,907
408,84
408,323
408,760
408,569
408,813
408,338
408,318
409,251
409,84
409,323
409,843
409,195
409,849
409,197
409,813
409,311
409,822
409,340
409,313
409,943
410,84
410,853
410,454
410,843
410,64
410,195
410,197
410,417
410,604
410,315
410,960
410,385
410,68
410,70
410,822
410,312
410,338
410,340
410,313
411,322
411,340
411,318
412,925
413,230
413,285
413,351
413,340
413,259
413,949
413,347
413,825
413,849
413,472
413,254
413,840
413,559
413,39
413,75
413,447
413,575
413,195
413,857
413,762
413,668
413,343
413,106
414,528
414,91
414,589
414,384
414,348
414,818
414,340
415,452
416,333
416,82
416,828
416,109
416,955
416,438
416,93
416,829
416,359
416,80
416,70
416,959
416,347
416,370
416,313
416,767
416,282
416,7
416,312
416,521
416,877
416,83
416,322
416,275
416,455
416,88
418,333
418,238
418,799
418,264
418,359
418,331
418,64
418,486
418,328
418,317
418,959
418,332
418,313
418,767
418,312
418,877
418,392
418,90
418,367
418,274
418,318
419,333
419,328
419,332
420,955
420,112
420,68
420,70
420,331
421,394
421,279
421,329
421,54
421,958
421,769
421,454
421,788
422,438
422,360
422,110
422,316
422,329
422,54
422,571
422,755
422,485
422,813
422,454
422,111
422,337
422,268
422,78
422,775
423,112
423,581
423,364
424,35
424,18
424,23
424,457
424,364
424,80
424,436
424,328
424,332
424,270
424,266
424,338
424,989
424,472
424,396
424,895
424,290
424,525
425,592
425,363
426,265
426,329
426,267
426,434
426,522
426,685
426,592
426,520
426,710
426,177
426,82
426,148
426,271
426,832
426,342
427,454
427,361
427,319
427,840
427,123
427,895
427,439
427,693
428,333
428,460
428,372
428,370
428,864
428,850
428,22
428,819
428,83
429,338
429,586
429,494
429,618
429,278
429,837
429,424
429,820
429,484
429,945
430,843
430,434
430,776
431,79
431,839
431,277
431,205
434,343
434,28
434,321
434,89
434,587
434,113
434,279
434,767
434,341
434,811
434,338
435,592
435,978
436,732
436,333
436,479
436,98
436,878
436,349
436,606
436,166
436,384
436,846
436,489
436,445
436,840
436,927
436,340
437,394
437,34
437,732
437,78
437,122
437,341
437,604
437,285
437,351
437,690
437,719
437,789
437,593
437,336
437,333
437,69
437,825
437,101
437,468
437,926
437,98
437,984
437,812
437,95
437,551
437,816
437,279
437,316
437,735
437,840
437,260
438,592
438,915
438,479
439,282
439,113
439,673
439,290
439,345
439,344
439,46
439,493
439,346
439,480
439,626
439,773
439,407
439,34
440,196
440,492
440,854
440,647
440,46
440,493
440,773
441,345
441,344
441,480
441,371
442,103
442,484
442,127
442,49
442,345
442,354
442,284
442,252
442,344
442,875
442,426
442,613
442,80
442,377
442,100
442,280
443,334
443,916
443,784
443,284
443,352
444,486
444,348
445,757
446,452
446,218
446,110
446,484
447,348
447,944
447,723
447,344
447,856
447,114
448,221
448,723
448,677
448,290
449,318
449,347
449,307
449,349
449,558
449,974
449,224
449,845
449,464
450,168
450,568
450,301
450,377
450,287
450,785
450,97
450,379
450,598
450,332
451,114
451,100
451,161
452,353
452,778
452,101
452,836
452,352
452,371
453,605
453,242
453,121
453,474
454,816
454,99
454,827
454,281
454,39
454,605
454,340
454,23
454,242
454,488
454,601
454,262
454,387
454,121
454,474
455,855
455,604
455,367
455,293
455,488
455,601
455,262
455,121
455,474
455,481
456,357
456,474
457,345
457,488
457,853
457,355
457,327
458,266
458,601
458,532
458,391
458,426
458,361
458,271
458,362
458,863
458,288
458,484
458,334
458,330
458,78
458,851
458,102
459,44
459,282
459,457
459,938
459,370
459,268
459,235
459,359
459,46
459,300
460,862
460,859
460,284
460,363
460,370
460,95
460,839
460,362
460,798
460,352
460,46
461,859
461,359
461,352
461,46
462,237
464,228
464,359
464,629
464,401
464,900
464,825
464,831
465,113
465,876
465,591
465,364
465,832
465,256
465,348
465,617
466,28
466,121
466,484
466,453
466,363
466,461
466,336
466,109
466,333
466,36
466,860
466,238
467,121
467,809
467,802
467,113
467,484
467,298
467,453
467,461
467,876
467,364
467,289
467,441
467,256
467,426
467,47
467,617
467,918
468,309
469,37
469,990
469,780
470,341
471,367
471,228
471,118
471,431
473,492
474,489
475,92
475,295
475,309
475,686
475,394
475,856
475,342
475,361
477,261
477,410
478,377
478,349
478,278
478,272
478,939
478,386
478,469
478,807
478,381
478,912
478,405
478,627
479,128
479,132
479,636
479,425
479,378
479,354
479,96
480,433
480,128
480,256
480,377
480,15
480,636
480,964
480,394
480,65
480,425
480,378
480,876
480,284
480,192
480,354
480,198
480,409
482,880
482,888
482,887
482,400
482,879
482,632
482,454
482,942
482,106
482,466
482,395
482,290
482,379
482,409
482,392
483,385
483,661
483,199
483,520
483,428
483,365
483,705
483,600
483,382
483,460
483,397
483,579
483,875
483,441
483,19
483,338
483,301
483,377
483,632
483,126
483,178
483,482
483,4
484,382
484,128
484,123
484,983
484,394
484,442
484,662
485,752
485,382
485,398
485,413
485,132
485,5
485,376
485,412
485,138
485,886
485,123
485,175
485,662
486,387
488,386
488,376
488,137
488,438
488,325
488,261
488,173
488,247
488,195
489,386
489,469
489,403
489,259
489,389
489,387
489,494
489,247
489,392
489,879
489,432
489,126
489,383
490,259
490,651
490,452
490,419
490,390
490,385
490,315
490,917
490,538
490,24
490,935
490,413
490,268
490,86
490,400
490,230
490,414
490,636
490,253
490,411
491,412
491,496
491,387
491,291
491,415
491,384
491,263
491,254
492,171
492,418
492,380
492,195
492,263
492,9
492,887
492,879
492,446
492,67
493,143
493,267
493,954
493,466
493,297
493,947
493,185
493,328
493,384
493,146
493,298
493,173
493,380
493,204
494,392
494,384
496,785
496,172
496,429
496,397
496,301
496,274
496,552
496,426
496,5
496,444
496,465
496,521
496,411
496,631
496,393
496,285
498,391
498,397
498,142
498,927
498,891
498,379
498,303
498,173
498,75
498,453
499,396
499,145
499,960
499,486
499,914
499,342
499,380
499,84
499,627
499,647
499,128
499,273
502,392
502,87
502,273
502,872
502,456
502,335
502,411
504,180
504,430
504,871
504,401
504,336
504,433
504,930
504,395
504,455
504,60
504,399
504,637
504,405
505,682
505,643
505,424
505,278
505,183
505,655
505,650
505,446
505,256
505,443
505,362
507,387
507,340
507,337
508,290
508,153
508,169
508,240
508,340
508,20
508,772
508,393
508,123
508,629
508,265
508,888
508,399
509,150
509,309
509,614
509,747
509,397
509,704
509,488
509,904
510,949
510,309
510,397
510,43
510,223
511,426
511,358
511,430
511,892
511,262
511,677
511,209
511,407
511,968
511,170
511,736
511,695
511,915
511,879
511,416
511,888
511,844
511,165
511,918
512,783
512,893
512,220
512,922
512,64
512,420
512,877
512,345
512,291
512,148
512,787
512,287
512,413
512,284
513,288
513,425
513,977
513,224
514,206
514,46
514,284
515,910
515,875
515,138
515,190
515,422
515,911
515,432
515,945
515,107
515,427
515,882
515,785
515,397
516,387
516,137
516,170
516,257
516,382
516,194
516,506
516,131
516,287
516,535
516,302
516,978
516,385
516,174
516,299
516,278
516,224
516,551
517,382
517,240
517,443
517,472
517,978
518,157
518,908
518,944
518,386
518,925
518,98
519,425
519,806
519,300
520,432
520,725
520,430
520,262
520,386
520,259
520,724
520,440
520,419
520,290
520,629
521,432
521,417
521,663
522,291
522,352
522,240
522,618
522,468
522,259
523,223
523,558
524,433
524,915
524,489
525,915
525,184
526,418
526,176
526,223
526,386
526,293
526,169
526,389
526,983
526,46
526,261
526,378
526,98
526,43
526,919
526,41
526,199
526,415
529,155
529,390
529,889
530,888
531,488
531,868
531,43
531,151
531,891
531,476
531,735
531,911
531,684
531,391
531,428
531,922
531,422
531,547
531,953
531,484
531,306
531,129
533,179
534,456
534,425
534,401
534,660
534,621
535,178
535,987
535,914
535,488
535,416
535,431
535,144
536,409
536,987
536,914
536,311
536,950
537,176
537,164
537,468
537,379
537,383
537,137
537,224
537,751
537,797
537,496
537,387
537,429
537,160
537,222
538,427
540,496
540,614
541,430
541,176
542,387
542,399
542,109
542,539
542,483
542,180
542,684
542,782
542,656
542,934
542,176
542,262
542,285
542,133
543,402
543,416
543,611
543,410
543,353
544,430
544,471
544,214
544,640
544,229
545,903
545,203
545,434
545,934
545,928
545,138
546,903
546,411
547,772
548,183
548,923
548,679
548,949
548,497
548,368
549,923
549,803
549,168
549,772
549,60
549,368
550,387
551,189
551,446
551,939
551,67
551,195
551,455
551,445
551,66
551,344
551,259
551,459
551,428
551,387
551,941
551,185
551,408
551,961
551,102
551,352
551,813
551,440
551,268
551,313
551,318
552,568
552,446
552,315
554,462
554,378
554,460
554,636
554,319
554,440
554,471
554,452
554,263
554,438
555,451
556,820
556,563
556,474
556,691
556,498
556,488
556,191
556,376
556,313
556,813
556,347
556,223
556,441
556,267
556,343
556,473
556,238
556,195
556,381
556,957
556,840
556,778
556,828
556,785
556,451
556,696
557,262
557,199
557,833
557,468
557,957
557,216
557,443
557,440
557,879
557,154
557,412
558,473
558,382
558,154
558,261
558,201
559,240
560,3
560,225
560,398
560,74
560,195
560,272
560,629
560,157
561,460
561,313
561,195
561,330
562,822
562,447
562,934
562,760
562,883
562,480
562,338
562,455
562,13
562,954
563,822
563,968
563,380
563,139
563,259
563,883
563,885
563,195
563,187
563,64
563,754
563,71
563,453
563,691
563,321
563,343
563,385
563,466
563,954
564,438
564,154
565,479
566,212
566,906
566,26
566,445
566,386
566,981
566,326
566,65
566,325
566,167
566,688
566,697
566,886
566,532
566,19
566,411
567,449
569,443
569,463
569,97
569,818
569,365
569,566
569,199
569,724
569,441
570,406
570,125
570,74
570,463
570,447
570,201
571,228
571,466
571,329
571,607
571,327
571,414
571,325
572,607
573,830
573,422
573,833
573,314
573,453
573,568
573,207
573,340
573,445
573,393
573,442
573,961
573,567
574,334
574,462
574,485
574,958
575,268
575,439
575,269
575,341
575,263
575,322
575,705
575,833
575,602
575,126
575,329
575,878
576,193
576,459
576,484
576,437
576,443
576,143
576,955
576,26
576,707
576,331
576,984
576,441
576,391
576,337
576,92
576,299
577,455
577,337
578,456
578,994
580,471
581,444
582,145
582,440
582,444
584,368
584,402
585,205
585,447
585,869
585,838
586,871
586,449
586,943
587,337
587,83
587,966
587,452
587,362
587,968
587,380
587,981
587,255
587,917
589,492
589,971
589,720
589,470
589,468
590,351
590,117
590,729
592,940
593,433
593,206
594,408
594,316
594,278
594,937
594,192
594,427
596,903
597,983
597,286
597,310
597,480
597,973
597,441
597,938
598,903
598,230
599,288
599,968
599,411
599,410
599,959
599,488
599,224
599,564
599,105
599,474
599,468
599,355
600,989
600,224
600,426
601,659
602,221
602,483
602,888
602,477
602,479
602,862
603,284
603,483
603,470
604,947
604,477
604,919
604,687
604,479
604,298
604,862
605,782
605,286
605,964
605,477
605,687
605,166
605,470
605,298
605,862
607,343
607,477
607,229
607,980
608,447
608,361
608,345
608,996
609,990
609,310
609,249
609,481
610,495
611,477
611,702
611,124
611,411
611,223
613,484
614,238
614,490
614,772
614,345
614,431
614,741
614,843
614,95
615,999
615,175
615,247
615,174
615,479
617,439
617,908
617,468
617,396
617,361
617,757
618,491
618,173
618,735
618,418
618,155
618,932
620,486
620,256
621,256
621,490
622,420
622,848
622,413
623,238
623,224
623,236
623,956
624,896
625,200
625,954
625,989
625,744
626,353
626,493
626,401
626,954
626,989
627,245
627,930
627,220
629,920
629,429
630,480
630,498
630,479
630,435
630,882
630,613
632,613
632,318
632,294
634,353
634,271
634,709
634,833
634,228
635,606
635,941
636,571
636,969
636,917
636,892
636,856
637,625
637,504
637,766
637,813
637,506
637,47
637,802
637,645
637,812
637,523
637,574
637,759
637,525
637,715
637,585
637,593
637,567
637,897
637,516
637,212
637,219
637,924
637,887
637,21
637,225
637,33
637,561
637,694
637,543
639,803
639,710
639,506
639,553
639,577
639,512
642,476
642,401
642,399
642,586
642,625
642,224
642,752
642,74
642,588
642,50
642,26
642,45
642,631
642,651
642,635
642,55
642,572
642,632
642,557
642,751
643,401
643,569
646,529
646,587
646,525
646,950
648,774
648,880
648,286
648,859
648,524
648,590
648,647
648,603
648,734
648,710
648,548
648,492
648,688
650,18
650,277
650,586
650,16
650,628
650,531
650,90
650,570
650,807
650,132
650,768
650,542
650,549
650,315
650,899
650,676
650,762
650,431
650,110
651,236
651,681
651,753
651,986
651,523
651,673
651,664
651,565
651,300
651,571
651,81
651,234
651,581
651,525
651,73
651,724
651,675
651,579
651,767
651,563
652,681
652,753
652,537
652,986
652,565
652,267
652,571
652,518
652,331
652,234
652,73
652,151
652,675
652,626
652,579
652,550
652,767
652,563
652,193
652,513
653,681
653,664
653,751
653,620
653,909
653,571
653,331
653,81
653,519
653,596
653,609
653,675
653,527
653,501
654,785
654,552
654,142
654,549
654,680
654,209
654,881
654,598
654,397
654,642
654,256
654,554
654,866
654,636
654,656
654,15
654,753
655,685
655,386
655,948
655,529
655,616
655,704
655,521
655,630
655,622
655,587
655,395
656,496
656,899
656,534
656,115
656,613
656,575
657,840
657,649
657,524
657,528
657,891
657,586
657,526
657,25
657,510
657,819
657,885
657,48
657,150
657,41
657,555
657,557
657,289
658,56
658,946
658,516
658,310
658,789
658,914
658,530
658,681
658,555
658,570
658,150
658,142
659,27
659,580
659,541
659,87
659,628
659,555
659,275
659,237
659,277
659,97
659,771
660,712
660,825
661,573
661,353
661,832
661,516
661,46
661,547
661,42
661,673
661,651
661,992
662,536
662,290
662,800
662,86
662,720
662,359
662,540
662,657
662,789
662,317
662,752
662,546
662,954
662,239
662,40
662,423
662,517
662,448
662,240
662,781
662,320
662,550
662,610
662,429
662,544
662,10
662,664
663,745
663,448
663,790
664,120
664,755
664,411
664,408
664,886
664,585
664,990
664,682
664,538
665,580
665,61
665,507
665,751
665,668
665,708
665,597
665,758
665,50
665,645
665,973
665,718
665,546
665,763
665,803
665,561
665,755
666,723
667,537
667,811
667,927
667,799
667,920
667,803
668,537
668,811
669,537
669,799
670,793
670,601
670,541
670,586
670,787
670,22
670,39
670,701
670,280
670,533
670,564
670,430
670,602
670,758
670,545
670,853
670,638
670,887
670,186
670,555
670,976
670,752
670,213
670,783
670,546
670,55
670,566
670,994
670,410
671,262
671,540
671,541
671,918
671,586
671,22
671,701
671,414
671,605
671,855
671,260
671,430
671,559
671,285
671,176
671,106
671,186
671,513
671,555
671,752
671,539
671,178
671,546
671,566
671,781
671,994
672,539
672,300
672,525
672,501
672,665
672,634
672,548
672,157
672,11
672,880
672,515
672,796
672,540
672,40
672,657
672,885
672,550
672,94
672,556
673,164
673,171
673,674
673,635
673,599
673,744
673,94
673,651
673,573
673,307
673,791
673,166
673,625
673,6
673,159
673,158
673,776
673,808
673,556
673,617
673,50
673,546
673,91
673,602
673,881
673,721
673,322
674,721
674,681
674,55
674,550
674,504
674,546
675,475
675,604
675,610
679,810
679,665
679,543
680,793
680,791
680,559
680,845
680,762
680,632
680,603
681,112
681,547
681,898
682,235
682,766
682,141
682,804
682,39
682,53
682,559
682,553
682,263
682,78
682,705
682,549
682,751
682,508
682,798
682,547
682,772
682,552
682,802
682,164
682,598
682,530
682,586
682,736
682,635
682,783
682,528
684,912
684,549
685,178
685,34
685,80
685,162
685,756
685,549
685,662
685,54
685,547
685,64
685,268
685,534
685,174
685,663
685,518
685,782
685,553
685,298
685,580
685,809
685,540
685,675
685,799
685,548
686,542
686,550
686,585
687,548
687,643
687,781
687,769
687,625
687,534
687,78
687,612
687,93
687,969
687,298
687,585
687,658
687,53
687,519
687,178
689,535
689,609
689,660
689,770
689,686
689,551
689,559
689,412
690,973
690,544
690,614
690,552
692,988
692,542
693,56
693,53
693,805
693,512
693,735
693,602
693,621
693,517
693,528
693,540
694,582
694,544
694,55
694,806
694,682
694,617
694,667
694,650
694,807
694,621
694,43
694,38
694,165
694,511
694,552
695,292
695,123
695,968
695,59
695,57
695,651
695,885
695,524
695,104
695,655
696,659
696,524
696,792
696,558
696,620
697,84
697,587
697,764
697,545
697,524
697,512
697,683
697,309
697,744
697,621
697,21
697,559
697,793
697,782
697,668
697,92
697,789
697,551
697,528
698,84
698,587
698,707
698,764
698,524
698,512
698,546
698,621
698,520
698,149
698,782
698,91
698,772
698,528
699,678
699,607
699,155
700,106
700,263
700,61
700,66
700,602
700,54
700,950
700,588
700,832
700,689
700,101
700,545
700,580
700,656
700,115
700,513
700,826
700,13
700,569
700,939
700,255
701,940
701,417
701,688
701,944
702,538
702,990
702,873
705,137
705,593
705,790
705,718
705,699
705,186
705,723
705,117
705,859
705,317
705,232
705,814
705,574
705,518
705,629
705,822
705,945
705,713
705,525
705,579
705,263
706,70
706,172
706,609
706,86
706,573
706,71
706,513
706,511
706,73
706,505
706,687
706,821
706,105
706,837
707,519
707,573
707,693
707,666
707,806
708,714
708,603
708,943
708,110
708,823
708,577
708,694
708,820
708,856
709,813
709,700
709,623
709,962
709,513
709,586
709,938
709,840
710,574
711,566
711,388
711,630
711,617
711,636
711,589
711,817
711,579
711,949
711,324
711,575
711,687
711,726
711,821
711,755
711,76
711,71
711,30
711,22
712,589
712,567
712,821
712,755
712,22
712,522
713,617
713,567
713,575
714,577
715,842
715,578
715,885
715,830
716,831
716,150
716,579
717,581
717,331
717,526
718,907
718,511
718,991
719,146
719,138
721,576
721,630
721,984
721,207
721,204
721,709
721,590
721,513
722,928
722,675
722,523
722,813
722,154
722,550
722,957
722,603
722,495
722,22
722,644
723,813
723,336
723,340
723,578
723,525
723,524
723,934
723,211
723,555
723,574
723,588
723,396
724,689
724,336
724,340
724,197
724,385
724,86
724,342
724,105
724,574
724,396
724,649
725,529
725,712
725,872
726,603
726,88
726,670
726,570
726,589
726,76
726,838
726,619
726,772
726,830
726,705
727,525
727,122
727,87
727,575
727,815
727,510
727,590
727,624
727,654
727,596
729,525
729,688
729,122
729,92
730,715
730,940
730,867
730,833
730,601
730,516
730,341
730,213
730,841
730,589
730,51
730,586
730,590
730,774
730,741
730,555
730,778
731,977
732,358
732,861
733,735
733,606
733,352
733,813
733,594
733,616
733,690
734,600
734,682
734,658
734,243
734,937
734,664
734,564
734,846
734,38
734,345
734,96
735,721
735,317
735,561
735,596
737,600
737,554
737,550
737,86
737,638
737,747
737,810
737,349
739,853
739,932
739,720
739,116
739,602
739,601
739,719
740,594
740,118
740,591
740,351
742,621
743,574
743,222
743,594
743,744
743,122
743,563
743,94
743,786
744,258
744,224
744,601
744,514
744,613
744,544
746,610
746,547
746,534
746,582
746,551
746,110
746,81
746,234
746,587
746,555
746,237
747,117
747,821
747,852
747,970
747,801
748,775
748,970
750,742
750,547
750,656
750,977
750,575
750,556
750,610
750,798
750,871
750,543
750,117
750,363
751,677
751,25
751,980
751,687
751,336
751,359
751,109
751,728
751,103
751,604
751,17
751,859
751,737
751,511
751,300
751,942
751,86
751,727
752,519
752,810
752,621
752,607
752,603
752,869
752,785
752,914
752,112
753,119
753,591
753,519
753,611
753,492
753,604
753,558
753,729
754,519
754,492
754,604
754,244
754,729
755,738
756,619
756,543
756,611
756,199
756,621
759,808
759,544
760,510
760,626
760,688
760,216
760,317
760,655
760,507
760,690
760,506
760,189
760,786
760,691
760,763
760,475
760,227
760,884
760,941
761,757
761,538
761,518
761,829
761,112
761,628
761,384
762,881
762,134
762,625
762,508
762,449
762,517
762,191
762,379
762,576
762,700
762,421
762,362
762,209
762,538
762,796
762,695
762,891
762,67
762,623
762,5
762,444
762,657
762,531
762,176
762,717
762,785
762,547
762,631
762,222
763,754
763,143
763,583
763,380
763,532
763,575
763,529
763,407
763,631
763,559
763,63
763,592
763,130
763,786
763,692
763,629
763,551
763,632
763,825
763,630
763,212
763,520
763,168
763,661
763,726
763,159
763,880
764,583
764,529
764,790
764,521
764,647
764,592
764,692
764,525
764,825
764,107
764,247
764,653
764,140
764,668
765,35
765,568
765,129
765,255
765,136
765,137
765,941
765,193
765,753
765,319
765,166
765,879
765,342
766,629
766,523
767,720
767,525
767,948
767,883
767,71
767,400
767,900
767,109
767,762
767,635
767,516
767,124
767,150
767,643
767,262
767,301
767,665
767,8
767,625
767,728
767,563
767,629
767,187
767,149
767,690
767,39
768,525
768,948
768,811
768,542
768,124
768,283
768,649
768,383
768,255
768,727
769,696
769,664
769,634
769,385
769,726
769,698
769,854
769,540
769,602
769,594
769,515
769,525
769,352
769,967
769,159
772,526
773,796
774,394
774,526
775,518
775,877
775,633
775,149
775,440
775,378
775,878
775,561
775,657
775,390
775,165
778,728
778,655
778,389
778,326
778,627
779,831
779,765
779,698
779,654
779,879
780,765
780,197
780,632
781,211
781,389
781,616
781,175
781,994
781,899
782,673
782,769
782,415
782,173
782,766
782,25
782,142
782,521
782,424
782,56
782,124
782,642
782,423
782,628
782,257
783,467
783,914
783,957
783,240
783,674
783,705
783,631
783,488
783,658
784,238
784,676
784,737
784,214
784,178
787,735
787,661
787,528
787,215
787,398
787,701
787,653
787,924
787,265
787,140
788,701
789,897
789,704
789,541
789,715
789,638
790,159
790,697
790,18
790,915
790,139
790,754
790,900
790,145
790,729
790,144
791,751
791,639
791,774
791,28
791,418
791,379
791,630
791,155
791,576
791,557
791,715
791,684
791,805
791,632
791,522
791,638
792,961
792,651
792,833
792,630
792,715
792,805
792,904
793,640
793,639
793,155
793,511
793,146
793,181
795,643
795,195
795,145
795,65
795,676
795,648
795,434
795,665
795,906
795,712
795,636
795,133
795,652
795,893
795,584
795,684
795,186
795,664
795,165
795,430
795,727
795,418
795,320
795,520
796,434
796,933
798,600
798,843
798,174
798,884
798,220
798,626
798,635
798,664
798,554
798,688
798,720
798,167
798,869
798,728
798,757
798,158
799,783
799,171
800,667
800,267
800,198
800,96
800,658
800,476
800,423
800,221
800,673
800,660
800,36
801,159
801,786
801,558
801,667
801,157
801,725
801,198
801,666
801,149
801,476
801,423
801,729
801,660
801,36
801,789
801,784
802,432
802,558
802,666
803,558
803,198
803,221
804,597
804,632
804,662
804,551
804,733
804,673
804,660
805,516
805,739
805,598
805,625
805,630
805,664
805,177
805,917
805,200
806,639
806,48
806,180
806,51
806,288
806,625
806,754
806,672
806,664
806,917
806,191
806,637
807,741
807,34
807,689
807,171
807,185
807,200
807,166
807,189
808,663
809,539
809,165
809,229
809,883
809,668
809,651
809,102
809,656
809,289
809,658
809,698
809,781
809,746
809,752
809,532
810,978
811,784
811,233
811,543
811,540
811,306
811,34
811,721
811,925
811,563
811,759
813,538
813,170
813,659
813,166
813,635
813,730
813,25
813,668
813,190
813,40
813,667
813,248
813,843
813,545
814,664
814,536
814,668
814,555
814,695
814,949
814,699
814,660
814,219
814,645
814,713
814,674
815,35
815,536
815,458
815,555
815,887
815,699
815,914
815,121
815,660
815,676
815,745
815,630
815,552
815,674
816,223
816,670
816,279
817,419
817,664
817,634
817,223
817,230
817,109
817,279
818,186
818,59
818,140
818,663
818,669
818,682
818,588
818,686
818,951
818,107
818,230
819,77
819,710
819,655
819,918
819,683
819,163
819,690
819,648
821,101
821,545
821,738
821,555
821,109
821,739
821,891
821,704
821,711
821,736
821,672
821,611
821,879
821,872
821,580
821,517
821,93
822,641
822,555
822,739
822,891
822,707
822,268
822,239
822,736
822,150
822,661
822,652
822,580
823,171
823,742
824,434
824,670
825,674
827,934
827,912
827,749
829,614
830,238
830,707
831,37
831,734
831,703
831,109
831,511
831,561
831,924
831,178
831,641
831,61
832,898
832,175
832,683
833,241
833,683
834,968
834,647
834,665
834,993
834,180
834,172
834,204
834,59
834,604
834,893
835,392
835,181
835,652
835,150
835,213
835,494
837,708
837,58
837,370
837,671
837,163
839,673
840,673
840,563
840,154
840,333
840,653
840,153
840,676
840,804
841,680
841,373
841,934
841,717
841,53
841,670
841,655
842,242
842,662
842,863
843,662
843,863
844,696
845,447
845,133
845,951
845,203
845,694
845,940
845,66
845,593
845,734
845,76
845,189
845,627
845,641
845,908
845,961
845,592
845,663
845,706
845,634
845,532
845,814
845,703
845,756
845,476
845,689
845,601
846,639
846,713
846,493
847,654
847,210
847,565
848,444
848,654
848,721
848,688
848,971
848,674
848,700
848,937
848,210
848,671
848,225
848,744
850,818
850,537
850,815
850,708
850,725
850,625
850,701
850,705
850,571
850,379
850,334
851,692
851,987
851,195
851,812
851,689
851,628
851,833
851,719
851,507
851,76
851,568
851,225
851,685
851,23
853,723
853,696
853,688
854,712
854,723
855,758
855,570
855,572
855,695
855,937
855,875
855,699
855,714
855,575
855,712
855,723
855,630
855,91
856,693
856,587
856,726
856,699
856,431
856,888
856,714
856,723
856,688
857,712
858,693
858,699
858,888
858,688
859,640
859,213
860,573
860,139
860,987
860,159
860,389
860,631
861,952
862,952
863,577
863,950
863,629
863,622
863,654
863,727
863,894
863,138
864,654
864,727
865,323
865,140
865,667
866,956
866,988
866,597
866,193
866,203
866,595
866,939
866,953
866,583
866,536
866,578
867,719
867,591
867,521
867,237
867,672
868,587
868,723
868,404
868,859
868,431
869,978
869,475
869,899
869,212
870,647
870,158
870,880
870,643
870,925
870,212
871,707
871,734
872,685
872,707
873,825
873,958
874,85
874,677
875,240
875,698
875,522
875,516
875,215
875,812
875,179
875,677
877,747
877,964
877,467
878,747
878,963
878,964
878,652
879,965
880,835
880,618
881,449
881,278
881,748
881,950
881,150
882,748
882,618
882,712
882,154
882,699
882,586
883,748
883,514
883,90
883,650
884,744
885,795
885,724
885,727
885,704
885,423
885,979
885,718
885,895
885,407
885,726
885,644
885,942
885,677
885,601
886,723
887,723
887,907
887,950
887,994
888,951
888,740
889,669
889,194
889,939
889,82
889,594
889,726
890,669
890,630
890,718
890,193
890,82
890,658
890,196
890,104
890,597
890,942
890,594
890,726
890,754
891,249
892,178
892,908
892,828
892,600
892,482
892,575
892,570
892,665
892,977
892,737
893,719
893,247
893,164
893,688
893,601
893,969
893,661
893,633
893,103
893,609
893,481
894,158
894,639
894,102
894,633
894,697
894,728
894,164
894,665
894,135
894,658
895,667
895,327
895,119
895,221
895,674
895,652
895,698
895,198
896,414
897,730
897,202
898,607
898,414
898,666
898,216
898,638
899,382
899,980
899,109
899,514
899,999
899,920
899,973
899,231
900,982
900,681
900,724
900,889
900,147
900,588
900,764
900,885
900,607
900,28
901,720
901,974
901,418
902,596
902,96
903,976
904,721
906,987
907,522
907,220
907,672
907,621
907,738
907,504
907,115
907,246
908,621
908,115
908,613
909,708
909,703
909,864
910,523
910,722
911,53
911,767
911,736
911,590
912,523
912,178
912,767
914,976
914,737
914,655
914,278
915,976
916,206
916,559
916,101
916,720
916,718
916,884
917,110
917,493
917,600
917,884
917,690
918,612
918,657
918,384
919,189
919,938
922,114
923,883
923,968
923,13
923,611
923,833
923,758
923,766
923,522
923,574
923,590
923,830
923,909
923,821
923,318
923,776
923,973
923,790
923,815
923,282
923,845
924,525
924,884
925,653
925,578
925,642
925,755
925,640
925,792
925,848
925,852
925,844
925,758
926,598
926,773
927,773
928,323
930,765
930,761
930,581
930,558
930,545
930,688
930,515
930,769
930,96
930,354
930,763
931,895
931,164
931,767
931,773
931,772
931,801
931,844
932,904
932,773
933,362
933,941
933,763
933,800
933,950
933,755
933,719
934,763
934,757
935,771
935,785
935,490
935,646
935,756
935,889
935,890
935,881
937,696
937,570
937,876
937,711
937,512
937,291
937,763
937,766
937,915
937,256
937,454
937,262
937,688
937,799
937,255
937,535
937,994
937,334
937,877
937,278
937,597
937,764
937,514
937,790
937,318
937,756
939,411
939,813
939,289
939,766
939,825
940,761
940,352
940,763
940,758
940,884
940,394
940,264
940,259
940,504
940,196
940,886
940,42
940,388
941,789
941,650
941,813
941,758
941,884
941,196
941,801
941,42
941,198
941,399
941,766
942,764
942,762
942,295
942,901
943,889
943,822
943,445
943,14
943,877
943,920
943,777
943,867
944,764
944,822
944,861
944,791
944,338
944,920
944,882
944,307
944,320
945,276
945,275
945,314
945,265
945,3
945,893
945,712
945,353
945,527
946,275
946,265
946,327
946,794
946,808
946,893
947,605
947,795
947,545
947,515
947,324
948,605
948,629
948,795
948,545
948,515
948,518
948,793
948,57
948,765
949,760
950,543
950,775
950,770
950,536
950,753
950,320
950,515
950,295
951,759
952,762
952,760
953,389
953,913
953,936
953,541
953,524
953,387
953,405
953,944
953,815
953,869
954,530
956,580
956,784
957,554
957,581
957,830
957,253
957,376
957,526
957,929
957,161
957,736
957,583
957,269
958,305
958,772
958,778
958,771
958,796
958,544
958,763
958,960
958,764
958,646
958,552
958,614
958,521
958,966
958,582
958,755
959,309
959,27
959,535
959,801
959,364
959,271
959,757
959,146
960,309
961,813
961,894
961,834
961,271
962,779
962,86
962,896
962,957
962,173
962,923
962,118
963,289
963,645
963,586
963,789
963,899
963,779
963,875
963,805
963,86
963,291
963,711
963,619
963,399
963,118
964,530
964,92
964,373
965,530
965,978
965,769
965,92
965,714
965,373
966,812
966,775
966,27
966,960
966,553
966,849
966,534
966,307
966,750
966,541
966,576
966,843
966,511
966,714
966,373
967,902
967,796
967,276
967,839
967,836
968,901
968,890
968,796
968,852
968,526
968,760
968,777
970,780
970,647
970,22
970,441
970,903
972,793
972,810
972,848
972,782
972,794
972,924
973,537
973,868
973,810
973,782
973,794
973,924
975,908
975,970
975,628
975,968
975,798
975,712
975,667
976,395
976,51
976,786
976,897
976,811
976,619
976,543
978,803
978,659
978,757
980,856
980,851
980,922
980,606
980,428
980,559
980,794
980,793
981,782
981,775
981,546
981,807
981,911
981,630
981,793
981,847
981,926
981,758
982,281
982,852
982,775
982,976
982,546
982,630
982,821
982,786
982,704
982,908
982,758
983,504
983,799
983,545
983,299
983,572
983,149
983,541
983,791
983,730
983,198
983,922
983,901
983,604
983,875
983,959
984,791
985,807
985,760
985,822
985,126
985,845
985,360
985,604
985,959
986,917
986,792
986,809
986,58
986,558
987,539
987,418
987,684
987,371
987,810
987,601
987,535
987,555
987,802
987,412
987,129
987,99
987,290
987,512
987,170
987,514
987,399
987,762
987,980
987,411
987,786
987,537
988,934
988,595
988,782
988,545
988,761
988,263
988,870
988,785
988,789
988,388
989,934
989,595
989,255
989,103
989,262
989,761
989,390
989,827
989,771
989,918
990,965
991,853
991,526
992,302
992,770
992,11
993,870
993,784
993,617
995,804
996,804
996,970
997,789
997,488
997,427
997,762
997,840
997,286
997,297
997,428
997,981
997,380
997,115
997,580
997,613
997,831
997,926
997,810
997,425
997,299
998,793
999,788
999,647
999,798
999,537
1000,933
1003,283
1003,791
1003,780
1003,292
1004,933
1004,780
1004,370
1005,772
1005,95
1005,844
1005,790
1005,785
1005,780
1005,377
1005,550
1005,269
1005,370
1006,622
1006,782
1006,168
1006,480
1006,496
1006,869
1006,358
1006,285
1006,598
1006,525
1006,801
1007,785
1007,764
1007,793
1008,859
1008,694
1008,779
1008,202
1008,710
1008,300
1008,545
1008,812
1008,594
1009,821
1009,586
1009,590
1009,585
1009,759
1009,878
1009,73
1009,688
1009,856
1009,817
1009,847
1009,892
1009,565
1009,462
1009,825
1010,773
1010,840
1010,813
1010,823
1010,878
1010,339
1010,852
1010,886
1010,847
1010,565
1010,825
1012,949
1012,852
1012,788
1012,518
1012,295
1012,330
1012,278
1012,756
1012,486
1012,978
1012,357
1012,14
1013,67
1013,315
1013,979
1013,788
1013,518
1013,974
1013,761
1013,295
1013,752
1013,278
1013,190
1013,580
1013,653
1014,819
1014,720
1014,767
1014,603
1014,953
1014,968
1014,849
1014,823
1015,439
1015,253
1016,699
1016,22
1016,693
1016,821
1016,830
1016,37
1016,720
1016,974
1016,603
1016,253
1016,953
1016,849
1016,764
1016,769
1016,823
1017,578
1017,840
1017,849
1017,843
1017,754
1017,547
1017,836
1017,828
1017,359
1017,691
1017,818
1017,461
1017,551
1017,86
1017,826
1018,812
1018,355
1018,754
1018,816
1018,691
1018,459
1018,461
1018,847
1018,86
1018,506
1019,256
1019,507
1019,557
1019,76
1019,835
1019,568
1019,816
1019,577
1019,537
1020,606
1020,819
1020,940
1021,822
1021,851
1021,820
1021,763
1021,952
1022,825
1022,587
1022,790
1022,775
1022,969
1023,791
1023,951
1023,595
1023,634
1023,937
1023,476
1023,603
1024,823
1025,820
1025,947
1025,962
1025,955
1025,753
1025,949
1025,564
1026,947
1026,822
1027,564
1027,813
1027,901
1027,447
1027,327
1027,698
1027,896
1027,831
1027,462
1027,72
1028,201
1028,121
1028,950
1028,577
1029,988
1029,201
1029,820
1029,480
1029,980
1029,967
1029,437
1029,617
1029,575
1029,816
1029,699
1030,279
1030,981
1030,638
1030,780
1030,106
1030,825
1030,630
1030,389
1030,302
1030,318
1030,871
1030,759
1031,780
1031,867
1031,871
1032,279
1032,852
1032,278
1032,780
1032,821
1032,106
1032,867
1032,938
1032,362
1032,813
1033,949
1033,670
1033,850
1033,858
1033,841
1034,855
1034,323
1034,794
1035,564
1035,617
1036,86
1036,753
1036,839
1036,779
1036,837
1036,359
1037,640
1037,954
1037,277
1037,564
1037,688
1037,88
1037,456
1038,640
1038,578
1038,954
1038,300
1038,564
1038,926
1038,823
1038,688
1038,88
1038,376
1041,484
1041,61
1041,753
1041,771
1041,145
1041,711
1041,363
1041,579
1041,551
1041,773
1041,582
1041,590
1041,687
1041,403
1041,333
1041,847
1042,694
1042,567
1042,688
1042,884
1042,844
1043,859
1044,892
1044,569
1044,587
1044,767
1044,754
1044,68
1044,304
1044,577
1044,111
1044,908
1044,75
1044,715
1044,835
1044,538
1044,768
1048,27
1048,948
1049,707
1049,331
1049,864
1049,594
1049,904
1049,334
1049,840
1049,855
1049,76
1050,864
1051,622
1051,650
1051,826
1052,616
1052,864
1052,650
1052,896
1052,600
1052,826
1053,780
1053,280
1053,805
1054,830
1054,578
1054,780
1056,420
1056,342
1056,778
1057,968
1057,822
1057,894
1057,844
1057,867
1058,968
1058,545
1058,853
1059,371
1059,753
1059,822
1059,765
1059,295
1059,718
1059,944
1059,756
1059,828
1059,853
1059,351
1059,570
1060,971
1060,540
1061,507
1061,541
1061,253
1061,804
1061,831
1061,863
1061,344
1061,725
1061,540
1061,595
1061,869
1062,541
1062,863
1062,344
1062,540
1062,812
1062,595
1062,843
1062,409
1062,347
1063,938
1066,844
1066,970
1066,323
1066,615
1068,856
1070,820
1070,855
1070,946
1071,860
1071,820
1071,972
1071,578
1071,336
1071,795
1071,789
1071,946
1071,843
1071,598
1071,976
1072,790
1072,823
1072,966
1072,825
1072,852
1072,914
1072,598
1072,868
1072,323
1073,790
1073,805
1073,352
1073,576
1073,946
1073,439
1073,618
1073,777
1073,610
1073,407
1073,512
1073,719
1073,323
1074,320
1074,833
1074,823
1074,352
1074,852
1074,821
1074,618
1074,610
1075,601
1075,795
1075,283
1075,308
1075,853
1075,99
1075,307
1075,357
1075,916
1075,821
1075,334
1075,762
1075,103
1075,796
1076,816
1076,601
1076,322
1076,307
1076,762
1076,482
1076,103
1076,143
1077,331
1077,761
1077,857
1077,597
1078,443
1078,827
1078,851
1078,945
1078,870
1078,840
1078,730
1078,287
1081,76
1082,480
1082,826
1086,737
1086,760
1086,849
1086,985
1086,800
1086,907
1086,57
1087,365
1087,273
1087,760
1087,861
1087,800
1087,57
1087,592
1088,621
1088,981
1089,802
1089,621
1089,981
1089,988
1089,686
1090,739
1091,739
1091,840
1091,841
1092,354
1094,865
1094,623
1095,84
1095,354
1095,146
1096,341
1096,799
1097,868
1098,852
1098,729
1098,746
1098,431
1098,868
1100,782
1100,185
1101,485
1101,337
1101,852
1103,580
1104,580
1104,463
1110,766
1110,750
1110,98
1110,758
1110,393
1110,131
1110,408
1110,157
1110,564
1110,903
1110,696
1110,399
1110,816
1110,789
1110,381
1110,885
1110,910
1110,461
1110,291
1110,149
1110,553
1110,835
1110,778
1110,130
1110,453
1111,812
1111,893
1111,875
1111,755
1111,377
1111,408
1111,438
1111,903
1111,696
1111,816
1111,909
1111,381
1111,650
1111,791
1111,691
1111,877
1111,149
1111,835
1111,916
1111,453
1111,767
1112,855
1112,753
1112,703
1112,758
1112,825
1112,255
1112,688
1112,450
1112,239
1112,363
1112,378
1112,738
1112,278
1112,755
1113,876
1114,409
1114,144
1114,26
1114,813
1114,252
1114,879
1114,628
1114,343
1114,648
1114,515
1114,876
1114,878
1115,26
1115,407
1115,251
1115,252
1115,761
1115,429
1115,423
1115,628
1115,343
1115,849
1115,877
1115,648
1115,454
1117,598
1117,957
1117,540
1117,767
1117,950
1118,969
1118,377
1118,786
1118,957
1118,189
1118,407
1118,783
1118,733
1118,767
1118,400
1118,896
1118,648
1118,630
1118,637
1119,786
1119,60
1119,848
1119,909
1119,519
1119,882
1120,416
1120,279
1120,805
1120,806
1120,940
1121,759
1121,825
1121,833
1121,744
1121,755
1122,780
1122,893
1122,524
1122,654
1122,557
1122,732
1123,633
1123,780
1123,901
1123,135
1123,851
1123,903
1123,445
1123,968
1123,379
1123,986
1123,405
1123,385
1123,510
1123,431
1123,474
1123,189
1124,261
1124,384
1124,777
1124,394
1124,416
1124,827
1124,908
1124,263
1125,886
1127,884
1127,767
1127,990
1127,652
1127,817
1127,382
1127,654
1127,918
1127,855
1127,721
1127,966
1127,404
1128,930
1128,884
1128,652
1128,380
1128,981
1128,918
1128,696
1128,358
1128,392
1128,721
1129,818
1129,643
1129,941
1129,264
1129,388
1129,756
1129,76
1129,288
1129,383
1129,885
1129,949
1130,941
1130,934
1130,264
1130,288
1130,885
1131,941
1131,264
1131,420
1131,885
1132,394
1132,643
1132,657
1132,954
1132,517
1132,400
1132,506
1132,891
1132,253
1132,386
1132,768
1132,402
1132,658
1132,953
1133,894
1133,911
1133,938
1133,657
1133,900
1133,506
1133,253
1133,386
1133,813
1134,899
1134,842
1135,912
1135,772
1135,407
1135,875
1135,800
1135,641
1135,895
1135,656
1135,522
1135,467
1135,779
1135,761
1135,578
1135,568
1135,741
1135,883
1135,145
1135,953
1136,402
1136,955
1136,361
1138,184
1138,672
1138,817
1138,953
1138,334
1139,672
1140,884
1140,774
1140,888
1140,880
1140,841
1140,458
1141,524
1141,893
1141,882
1141,155
1141,930
1141,774
1141,522
1141,904
1141,916
1141,641
1141,457
1142,989
1142,896
1143,652
1143,298
1143,930
1143,836
1143,933
1143,896
1143,275
1145,304
1145,960
1145,394
1145,402
1145,277
1146,397
1146,899
1147,700
1147,899
1147,754
1147,404
1147,294
1147,653
1148,404
1148,653
1149,904
1149,655
1149,184
1150,789
1150,887
1150,476
1150,893
1150,761
1150,906
1150,700
1150,900
1150,907
1150,978
1150,949
1150,879
1150,706
1150,963
1151,415
1151,144
1151,800
1151,644
1151,915
1151,909
1151,879
1151,321
1151,50
1151,223
1151,446
1152,959
1153,469
1153,907
1154,670
1154,380
1154,758
1154,960
1154,375
1154,790
1154,942
1154,474
1154,771
1155,469
1155,224
1156,549
1157,799
1157,994
1157,525
1157,425
1157,413
1157,852
1157,158
1157,57
1157,696
1157,651
1157,306
1158,916
1158,232
1158,428
1158,685
1158,794
1158,363
1159,539
1159,262
1159,637
1159,671
1159,824
1159,685
1159,794
1159,481
1159,914
1159,673
1160,884
1160,388
1160,544
1160,857
1160,805
1160,446
1160,477
1160,669
1160,732
1160,36
1160,333
1160,419
1160,185
1161,732
1161,161
1161,185
1162,884
1162,388
1162,102
1162,949
1162,446
1162,477
1162,669
1162,36
1162,293
1163,420
1163,496
1163,916
1164,595
1164,190
1164,924
1164,613
1164,801
1164,953
1164,968
1164,569
1164,304
1164,738
1164,145
1165,569
1166,368
1166,396
1166,984
1166,968
1166,36
1166,685
1167,181
1167,718
1167,962
1167,685
1168,922
1168,314
1168,909
1168,895
1168,646
1168,551
1169,323
1170,474
1170,924
1170,805
1170,996
1170,831
1170,674
1170,718
1170,520
1170,801
1170,540
1170,797
1170,285
1171,520
1171,897
1174,431
1174,894
1174,399
1174,213
1174,798
1174,418
1174,680
1175,992
1175,209
1175,601
1175,916
1175,433
1177,905
1182,764
1183,939
1183,984
1183,974
1183,699
1183,951
1183,833
1183,688
1183,212
1183,690
1183,461
1183,942
1183,812
1183,496
1183,184
1183,433
1184,426
1184,984
1184,699
1184,595
1184,492
1184,703
1184,690
1184,989
1184,942
1184,468
1184,668
1184,430
1184,570
1185,875
1185,939
1185,984
1185,699
1185,495
1185,998
1185,650
1185,27
1185,696
1185,460
1185,106
1185,492
1185,688
1185,212
1185,690
1185,461
1185,989
1185,441
1185,754
1185,134
1185,938
1185,668
1185,812
1185,922
1185,222
1185,430
1186,973
1186,352
1186,880
1186,946
1186,197
1186,712
1186,876
1186,937
1186,938
1186,574
1186,470
1187,589
1188,418
1188,962
1188,720
1188,827
1188,193
1189,942
1190,484
1190,426
1190,882
1190,457
1190,504
1190,441
1190,246
1190,453
1190,507
1190,506
1190,847
1190,409
1191,940
1191,469
1191,955
1191,950
1192,389
1192,224
1192,994
1192,889
1192,816
1192,901
1192,206
1192,941
1192,723
1192,21
1192,342
1196,950
1196,878
1196,214
1196,938
1196,955
1196,698
1196,462
1196,441
1196,844
1196,601
1197,81
1197,477
1197,750
1197,857
1197,823
1197,603
1197,758
1198,603
1198,969
1200,404
1200,954
1200,814
1200,961
1200,947
1200,967
1200,668
1200,847
1200,435
1200,699
1200,828
1200,889
1201,985
1201,716
1202,577
1202,289
1202,196
1202,630
1202,755
1202,425
1202,567
1202,638
1203,822
1205,909
1205,699
1205,820
1207,957
1208,954
1209,961
1213,990
1213,465
1214,861
1214,376
1214,990
1214,323
1214,627
1215,176
1215,809
1215,687
1215,397
1215,709
1215,317
1215,422
1215,691
1215,961
1215,454
1216,833
1216,927
1216,830
1216,896
1216,397
1216,709
1216,774
1216,585
1216,699
1217,910
1218,851
1218,463
1218,937
1218,459
1218,967
1218,855
1218,867
1218,957
1220,119
1220,994
1220,870
1220,713
1220,945
1220,711
1220,641
1220,213
1220,953
1220,459
1220,203
1220,734
1222,888
1222,941
1223,243
1223,245
1223,588
1224,243
1224,961
1224,949
1224,245
1224,88
1224,634
1225,719
1225,243
1225,968
1225,727
1225,821
1226,908
1226,800
1227,468
1227,102
1227,690
1227,484
1227,782
1227,875
1227,659
1228,659
1229,489
1229,970
1229,442
1229,693
1230,448
1230,937
1230,814
1230,898
1230,727
1230,881
1231,790
1231,743
1231,259
1231,290
1231,969
1231,977
1231,964
1231,552
1232,776
1232,728
1232,228
1232,705
1232,664
1232,635
1232,937
1233,558
1234,981
1234,824
1234,130
1234,448
1234,479
1234,982
1235,731
1235,618
1235,863
1235,324
1235,701
1235,857
1235,448
1235,222
1235,974
1236,970
1236,863
1236,990
1236,340
1236,448
1237,392
1237,980
1237,448
1237,786
1237,863
1237,247
1238,851
1238,965
1238,166
1238,749
1239,965
1239,982
1240,419
1241,208
1241,982
1241,960
1242,617
1242,923
1242,469
1242,859
1243,950
1243,703
1243,938
1243,114
1243,973
1243,400
1243,861
1243,104
1243,927
1243,204
1244,986
1245,698
1245,425
1246,740
1246,238
1247,824
1247,551
1247,820
1247,880
1247,863
1248,475
1248,785
1248,491
1248,488
1248,219
1248,493
1248,985
1249,335
1249,365
1249,534
1249,956
1249,928
1249,906
1249,287
1250,932
1250,780
1252,992
1252,461
1252,713
1252,986
1252,641
1253,461
1253,713
1253,539
1255,242
1255,982
1255,796
1255,828
1256,879
1256,906
1256,855
1256,992
1257,906
1257,216
1257,701
1257,287
1257,992
1257,478
1258,701
1259,448
1259,791
1259,844
1259,476
1259,397
1261,487
