user,publication
0,750
0,1712
0,1772
0,3520
1,787
1,1662
1,2086
1,4084
1,4331
1,4394
1,4838
1,5106
2,125
2,1843
2,2739
2,3472
2,3819
2,4142
3,1378
3,2517
3,4202
4,4419
4,4694
4,4708
5,947
5,1279
5,1404
5,1899
5,1953
5,4427
5,4778
6,264
6,1786
6,1791
7,615
7,3418
7,3488
7,4418
7,4994
7,5025
8,55
8,114
8,658
8,2561
8,2814
8,3840
8,4730
9,136
9,426
9,1780
9,3202
9,3435
9,4697
9,4768
10,2412
10,3311
10,4733
11,1049
11,1283
11,3934
11,4425
12,330
12,2270
12,4336
13,2706
13,2846
13,3545
13,3999
13,4481
13,4818
14,608
14,997
14,1317
14,2221
14,2558
14,4072
14,5031
15,662
15,1035
15,1594
16,489
16,1492
16,1604
16,1778
16,3503
16,4765
16,4909
17,671
17,876
17,2287
17,2580
17,3229
17,3629
17,4151
17,4581
18,413
18,414
18,1099
18,1422
18,1540
18,4036
18,4782
19,358
19,445
19,924
19,2744
19,2977
19,3094
19,3201
20,423
20,2879
20,3417
21,784
21,1464
21,2480
21,3289
21,4135
21,4943
21,5040
22,468
22,764
22,1388
22,1485
22,1990
22,2550
22,2690
22,3528
22,4890
22,4938
22,5043
23,1445
23,2032
23,2575
24,232
24,587
24,2563
24,3009
24,4305
24,4684
24,5062
25,1319
25,3261
25,4194
26,245
26,611
26,1693
26,2132
26,3112
26,3436
26,3565
26,4099
26,4925
27,260
27,1597
27,2140
27,2823
28,779
28,1085
28,1815
28,3732
28,4065
28,4937
29,1065
29,1501
29,2069
29,2875
29,3384
29,3566
29,4162
30,243
30,302
30,306
30,566
30,570
30,941
30,1174
30,1592
30,1879
30,3121
30,4087
30,4132
30,4433
31,1554
31,1637
31,1827
31,2349
32,10
32,1021
32,1288
32,1648
32,2852
32,4448
32,5116
33,64
33,948
33,2217
33,2534
33,3792
33,4344
33,4897
33,4932
34,964
34,1432
34,2118
34,4888
34,4934
34,5004
35,2749
35,3966
35,4026
36,1158
36,2401
36,2645
36,3930
36,4840
37,319
37,2052
37,2331
37,3374
38,554
38,1545
38,2012
38,3111
38,3438
38,3938
38,5046
39,291
39,604
39,1237
39,1728
39,3428
39,3491
39,3770
40,871
40,2986
40,5091
40,5143
41,217
41,642
41,798
41,1783
41,2312
41,2321
41,2786
41,3138
41,4314
41,4444
41,4524
42,1032
42,1069
42,1415
42,1967
42,2202
42,2722
42,2755
42,3784
42,4254
43,4819
43,4988
44,2595
44,4123
44,4709
44,4957
44,5124
45,637
45,3007
46,9
46,505
46,4152
46,4489
47,2024
47,2044
47,3611
47,4722
48,1014
48,1717
48,1956
48,2090
48,2154
48,2319
48,2413
48,2804
48,5104
49,2707
49,3451
49,3907
49,3935
49,4443
50,880
50,1262
50,1626
50,1741
50,1859
50,2343
50,2729
50,2737
50,3070
50,4506
51,276
51,896
51,1983
51,2418
51,2861
52,17
52,583
52,1275
52,1753
52,3482
52,5123
53,455
53,1309
53,1576
53,2410
53,2794
53,3110
53,4497
53,5135
54,1081
54,1127
54,1644
54,4498
54,4597
55,824
55,953
55,2945
55,3267
55,3594
55,4354
55,4758
55,4816
56,49
56,775
56,2530
56,3687
56,4238
56,5107
57,802
57,1223
57,1703
57,2294
57,3339
57,3466
57,4310
58,1575
58,1917
58,3648
58,3808
58,4609
59,811
59,2967
59,3530
59,3658
59,4089
59,4951
60,1890
60,3035
60,3274
60,3713
60,4001
60,4675
61,280
61,1630
61,1700
61,1951
61,2554
61,2691
61,2696
61,3582
61,4741
61,4960
62,80
62,1330
62,2419
62,2800
62,3136
62,5115
63,267
63,487
63,524
63,1067
63,1239
63,2323
63,2821
63,3401
63,4293
63,4899
64,954
64,1092
64,2011
64,2615
65,76
65,536
66,216
66,1785
66,2970
66,3118
66,4114
67,184
67,240
67,1157
67,1312
67,1377
67,2061
67,2369
67,3269
67,4166
67,4347
68,310
68,1268
68,1690
68,1984
68,2206
68,3619
68,3626
68,3786
68,4801
69,500
69,5140
70,137
70,3125
70,4859
70,5029
71,1448
71,1614
71,1720
71,1794
71,2870
71,4671
71,5017
72,206
72,465
72,1187
72,1201
72,1947
72,2340
72,2656
72,3329
72,5067
72,5080
73,3443
74,385
74,626
74,2151
74,4499
74,5070
75,482
75,1880
75,3209
75,3684
76,2668
76,4118
76,4829
76,4921
77,238
77,1258
77,2607
77,2943
77,4361
78,991
78,2161
78,3497
78,3896
79,2021
79,3589
80,86
80,641
80,1168
80,1452
80,2622
80,3174
80,4387
81,599
81,2626
81,2809
82,357
82,1202
82,1365
82,2529
82,3395
82,3741
83,1278
83,3637
83,4144
84,987
84,3405
85,2904
85,2909
85,4150
85,4511
86,3159
86,5006
87,2444
87,2590
87,3210
87,4858
88,300
88,860
88,2937
88,3227
88,3610
88,4411
88,4569
88,4769
89,830
89,1430
89,3919
89,3978
89,4216
90,773
90,902
90,913
90,920
90,922
90,1134
90,3235
90,4157
90,4255
91,170
91,4339
92,651
92,2603
92,2966
92,4620
93,1104
93,1449
93,1510
93,1535
94,283
94,1165
94,2370
94,4178
94,4745
95,121
95,636
95,2998
95,4167
95,4198
95,5058
96,1068
96,2792
96,4120
96,4191
96,4908
97,2479
97,3893
97,4107
98,1259
98,1583
98,3006
98,3515
99,2295
99,4779
100,103
100,153
100,597
100,1044
100,1170
100,1243
100,2085
100,2232
100,4749
101,513
101,1704
101,1963
101,2397
101,4004
102,3843
103,1285
103,1912
103,2416
104,2535
104,3826
104,4786
105,706
105,2276
105,2984
105,4863
105,5090
106,223
106,271
106,2443
106,2905
106,2929
107,126
107,362
107,1193
107,1801
107,2839
107,3295
107,3603
108,172
108,887
108,1247
108,4110
109,1367
109,3055
109,4113
109,4158
110,1905
110,4076
110,4944
111,2511
111,2581
111,2882
111,2982
111,3103
112,2987
112,3965
112,5114
113,286
113,1610
113,2403
113,3336
113,3641
113,5026
114,2510
114,3054
114,3506
114,4244
114,4282
114,4654
114,4813
115,79
115,113
115,4295
116,1742
116,3474
116,4346
117,1846
117,3310
117,4507
117,4746
118,1482
119,2266
120,1960
120,4809
121,1466
121,3871
121,4035
121,4582
122,1450
122,2545
123,1271
123,2038
124,1325
124,4715
124,4729
124,5013
125,1716
125,2157
125,2560
125,2583
125,2793
125,4251
125,5037
126,61
126,932
126,2245
126,2761
126,3587
126,4571
127,231
127,919
127,2570
127,3247
127,4224
127,4958
128,527
128,2473
128,2500
128,3308
128,3349
128,4046
129,39
129,2306
129,3437
129,3550
129,4247
129,4868
130,696
130,1062
130,5014
131,375
131,2347
131,2562
131,3651
131,3704
131,5056
132,2482
132,3779
133,143
133,549
133,2816
133,3904
133,4414
134,1615
134,1702
134,2678
134,3389
134,4264
134,4467
135,634
135,3313
135,3507
135,3577
135,3959
135,4057
135,4705
136,178
136,1087
136,1544
136,2043
136,2512
136,2989
136,3850
136,3917
137,312
137,543
137,3100
137,3615
137,4056
138,1091
138,4127
138,4245
139,1735
139,3090
139,3135
139,3237
139,4699
140,514
140,1904
140,2694
140,2725
140,3375
140,3834
140,4206
140,4662
140,4690
140,4774
140,4965
141,387
141,826
141,2642
141,3838
141,4011
141,4020
141,5052
141,5095
142,1221
142,1341
142,1694
143,415
143,2088
143,2376
143,3675
143,4850
143,4893
144,704
144,1623
144,2144
144,2162
144,2617
144,2648
144,3660
144,3891
144,4437
144,4577
145,2543
145,2958
145,3504
145,4288
145,4802
145,4981
146,690
146,818
146,2181
146,4736
147,869
147,1071
147,2507
147,2942
147,3348
148,32
148,1797
148,2604
148,2960
148,3232
148,3459
148,4993
149,119
149,1729
149,2105
149,2261
149,3359
149,3804
149,4003
150,4845
151,403
151,2117
151,2175
151,2286
151,3791
151,4512
152,396
152,462
152,977
152,2147
152,3262
153,669
153,2063
153,2497
153,3625
153,4064
153,4279
153,4329
153,4370
154,891
154,2704
154,3583
154,4701
154,4775
155,1792
155,2137
155,3984
155,4548
155,4626
156,1206
156,4679
157,293
157,1310
157,1638
157,2062
157,3440
157,3936
157,4438
158,2010
158,2119
158,2843
158,4042
158,4134
158,4792
159,383
159,1895
159,2713
159,3439
159,3783
159,4762
159,4967
160,251
160,762
160,3926
160,3944
161,2518
161,3602
162,1586
162,2787
162,3146
162,4334
162,5138
163,971
163,1561
163,2574
163,2868
163,3970
163,4472
163,4900
163,4975
163,5045
164,1402
165,89
165,1534
166,532
166,1321
166,1930
166,4954
167,627
167,1113
167,1332
167,1347
167,1518
167,3185
167,3495
167,3549
167,4023
167,4321
168,224
168,1296
168,1908
168,3458
168,3470
168,3533
168,4061
169,118
169,171
169,541
169,956
169,1358
169,1633
169,2109
169,3801
169,4038
169,4945
169,5084
170,1058
170,1591
170,4996
170,5141
171,394
171,1128
171,1137
171,3260
172,547
172,1005
172,2008
172,2133
172,2885
172,3333
172,4593
173,1369
173,2666
173,3282
173,4237
173,4526
175,1443
175,1471
175,2768
175,2940
175,3085
175,3671
175,4311
175,5075
176,60
176,1532
176,2135
176,2894
176,4096
176,4208
177,1955
177,2495
177,3017
177,3150
177,3524
177,4974
178,1171
178,3795
178,3845
178,3957
178,4551
179,325
179,1356
179,4704
179,5022
180,885
180,1871
180,1881
180,2886
180,3141
181,226
181,279
181,399
181,2284
181,3954
181,5001
182,886
182,1650
182,2255
182,3409
182,3789
182,4233
183,1181
183,3270
183,4272
184,1463
184,3362
184,5005
184,5051
185,14
185,758
185,848
185,859
185,2195
185,3535
185,3555
185,4527
185,4913
185,4992
186,246
186,391
186,783
186,1146
186,2584
186,2630
186,3614
187,88
187,210
187,994
187,1172
187,4434
188,705
188,4108
188,4181
188,5074
189,364
189,928
189,3089
189,3682
190,102
190,437
190,673
190,1372
190,1636
190,1745
190,2247
190,3820
190,4296
190,4678
190,4869
191,166
191,1496
191,2888
191,3213
191,3226
192,1414
192,1566
192,1857
192,4304
192,4408
192,4750
192,5096
193,25
193,1442
193,2552
193,3447
194,1454
194,1887
194,4203
195,843
195,2348
196,361
196,1078
196,3815
196,4454
196,4585
196,4644
197,2498
197,3058
197,3471
197,3689
198,450
198,2107
198,2727
198,3921
198,4542
199,663
199,974
199,1475
199,3194
199,4529
200,1108
200,1847
200,2141
200,2459
201,689
201,2209
201,3063
201,3350
201,3659
202,27
202,342
202,1120
202,1173
202,2985
202,3900
203,661
203,2920
203,4566
204,509
204,2059
204,3665
204,4126
204,5039
205,1324
205,2205
205,2297
205,2298
205,3127
205,4082
205,4717
206,821
206,1634
206,2112
206,2238
206,2549
206,3655
206,5041
207,29
207,4959
208,1038
208,1072
208,2402
208,3386
208,4338
208,4666
209,42
209,5105
210,1286
210,3133
210,3563
211,521
211,3268
211,3698
211,4353
211,4642
212,502
212,619
212,1088
212,1493
212,3961
212,4552
212,5011
213,1148
213,1504
213,4201
214,133
214,559
214,2609
214,2665
214,4665
215,382
215,2912
215,4281
216,2145
216,3773
216,4180
216,4892
217,2618
217,2944
217,2952
217,3024
218,3246
218,3461
218,3618
219,916
219,1467
219,1986
219,2856
219,4163
219,4308
219,4712
220,767
220,1821
220,1920
220,4270
221,910
221,2483
221,3817
221,4177
221,4980
222,551
222,858
222,918
222,2039
222,2801
222,3298
222,4009
223,4102
223,4131
224,329
224,1380
224,2387
224,4083
224,4555
225,135
225,652
225,1076
225,1191
225,2115
225,2426
225,2765
225,3833
226,812
226,1403
226,1579
226,2073
226,3265
226,4129
226,4435
226,5044
227,675
227,1718
227,2013
227,2652
227,2753
227,2811
227,3642
228,367
228,1756
228,2259
229,168
229,194
229,492
229,1528
229,2715
229,3357
229,3722
229,4405
230,2647
230,3709
230,3796
230,3939
231,254
231,1151
231,2489
232,351
232,990
232,1754
232,2862
232,3211
232,3465
232,4544
233,1238
233,3403
234,1661
235,290
235,452
235,519
235,1446
235,2353
236,428
236,1007
236,3297
236,3556
236,3597
236,4335
236,4771
237,77
237,1231
237,1589
237,2742
237,3076
237,3449
238,112
238,1293
238,4348
239,1739
239,2020
239,2099
239,4514
240,197
240,999
240,3400
240,3525
240,3911
240,4028
240,4523
241,341
241,4870
241,4926
242,1481
242,1965
242,3518
242,3622
242,3897
242,4453
242,4824
243,370
243,1642
243,1832
243,2025
243,2564
243,3478
243,3701
243,4474
243,4625
244,720
244,2818
244,3193
244,4853
245,225
245,386
245,693
245,2844
245,3572
245,4413
246,446
246,808
246,1996
246,2708
246,3499
246,3807
247,1939
248,2472
248,2981
248,3519
249,985
249,3002
250,2192
250,3049
250,3281
250,4734
251,117
251,454
251,2872
251,2962
251,4742
251,4905
252,1655
252,4886
253,167
253,737
253,1249
253,3091
253,4235
253,4369
254,1075
254,1417
254,4598
255,347
255,806
255,1353
255,1656
255,2078
255,2435
255,2629
255,3179
256,124
256,441
256,683
256,1064
256,2586
256,5000
257,289
257,1313
257,1393
257,1885
257,3025
257,4757
258,1295
258,2219
258,2526
258,2911
258,3170
258,3691
258,3731
258,4674
259,533
259,978
259,2159
260,782
260,889
260,2116
260,2461
260,2873
260,3931
261,22
261,439
261,3286
261,3922
261,4520
262,259
262,477
262,752
262,788
262,2278
262,3509
263,1329
263,4851
264,418
264,813
264,888
264,2163
265,37
265,585
265,793
265,1982
265,2949
266,851
266,2081
266,2936
266,2974
266,4386
266,5131
267,483
267,703
267,1083
267,2344
267,3001
267,4753
268,1346
268,2641
269,74
269,131
269,1618
269,1695
269,2272
269,2995
269,3093
269,4997
270,2031
270,2508
270,2596
270,3837
270,4246
271,344
271,572
271,1539
271,2041
271,2463
271,2547
271,3104
271,3255
271,3381
271,4517
272,1379
272,1498
272,2236
272,2316
272,2485
273,1366
273,1647
273,1855
274,1584
274,2096
274,2398
275,493
275,1715
275,2375
275,2712
276,87
276,140
276,1294
276,1304
276,1823
276,1942
276,2256
276,2582
276,2869
276,2957
276,4485
276,5101
277,2663
277,2828
277,3314
277,4384
277,4676
278,67
278,183
278,605
278,958
278,1979
278,3207
278,3762
278,4274
279,594
279,1371
279,1506
279,3809
279,4464
279,4621
279,4963
280,457
280,2867
280,4556
280,4611
281,1808
281,2304
281,4404
281,4623
282,315
282,1145
282,2889
282,3856
282,4165
282,4689
282,5076
283,1043
283,2726
283,3429
284,498
284,1318
284,1547
284,3703
284,4575
284,4884
285,881
285,1281
285,1373
285,2329
285,4271
285,4596
286,352
286,430
286,1640
286,2040
286,2680
286,2750
286,3688
287,730
287,827
287,3180
287,3221
287,5108
288,729
288,1427
288,1612
288,2302
288,3544
288,4513
288,4558
289,1681
289,2183
289,3708
290,4808
291,577
291,1209
291,2845
291,3149
291,3640
291,3870
291,4249
291,4660
292,674
292,1698
292,1825
292,2267
292,2440
292,2777
292,2999
292,4761
292,4780
292,5144
293,162
293,612
293,1455
293,1764
293,2797
294,1054
294,3606
294,3733
294,4563
295,360
295,1046
295,1468
295,2084
295,3332
295,3884
295,4184
296,13
296,726
296,1257
296,2735
296,2799
296,3351
296,3717
297,1192
297,1804
297,2372
297,4086
298,356
298,593
298,633
298,676
298,2449
298,2591
298,3263
298,3536
298,4219
298,5012
299,2697
299,3115
299,3186
299,4876
300,83
300,935
300,1138
300,1787
300,2148
300,2541
301,78
301,2130
301,3540
301,3759
302,1214
302,2842
302,4093
302,4402
302,4412
303,3160
303,4069
304,1017
304,2231
304,2408
304,2539
304,3021
305,31
305,435
305,2422
305,2655
305,2760
305,4345
305,4401
305,4759
306,844
306,1978
306,3013
306,4200
306,4695
307,237
307,747
307,1290
307,1513
307,1574
307,1874
307,2890
307,3444
307,3607
308,1107
308,2235
308,2676
308,3724
308,4382
309,1988
309,3537
310,297
310,685
310,1350
310,1397
310,3647
311,765
311,1428
311,3129
311,4250
312,235
312,1521
312,1774
312,2747
312,3991
312,4392
313,270
313,369
313,592
313,1932
313,3616
313,4090
313,4207
314,128
314,1241
314,2764
314,3541
314,3580
314,5085
315,91
315,692
315,713
315,2002
315,2328
315,5122
316,507
316,1020
316,1235
316,1670
316,1837
316,2342
317,155
317,1129
317,2616
317,3225
317,4320
318,1073
318,1558
318,2199
318,3195
318,3842
318,4291
319,228
319,972
319,1858
319,1870
319,2030
319,2233
319,2250
319,2481
319,3828
319,4265
319,4508
320,695
320,853
320,1343
320,2935
320,2954
320,3026
320,3553
320,4613
320,4823
321,400
321,1852
321,3975
321,4420
321,4692
322,177
322,1509
322,2423
322,4362
322,5035
323,257
323,1423
323,2127
323,2594
323,2693
323,3244
324,51
324,451
324,890
324,2290
324,2798
324,3142
324,3749
324,4360
324,4834
325,756
325,1603
326,282
326,838
326,1119
326,2506
326,2620
326,2783
326,4324
326,4639
327,555
327,581
327,2453
327,3019
327,4034
327,4066
327,4770
328,1701
328,1873
328,2299
328,3276
328,4133
328,4153
329,144
329,3163
329,3644
329,4253
329,4450
329,4461
329,5061
329,5133
330,421
330,535
330,1617
330,2718
330,3187
330,3548
330,3887
330,5126
331,256
331,1182
331,2808
331,3943
331,4927
332,350
332,433
332,1758
332,2817
332,3011
332,3416
332,3886
333,159
333,190
333,553
333,607
333,3406
333,4388
333,4711
333,4946
334,1177
334,1425
334,2226
334,3068
334,3169
334,3910
335,949
336,2351
336,2780
336,3498
336,3913
336,4322
336,4482
336,4518
337,909
337,1375
337,3114
337,3706
337,3879
338,200
338,982
338,2396
338,4280
339,2948
339,3678
340,2193
340,2249
340,3627
341,6
341,1041
341,1954
341,2318
341,2388
341,3445
342,2022
342,3995
342,4017
343,814
343,865
343,1813
343,4484
344,711
344,2204
344,2424
345,3181
345,5078
345,5081
346,511
346,1664
346,2559
346,4033
346,4805
347,1750
347,2027
347,2923
347,3248
347,3456
347,3814
347,4179
348,893
348,1860
348,3027
349,620
349,1921
349,3057
349,3288
350,2212
350,3410
350,4391
351,522
351,1160
351,1386
351,2790
351,3981
351,4604
351,4798
352,1335
352,1567
352,1969
352,3285
352,3780
352,4488
352,4924
353,618
353,836
353,1936
353,4716
353,4971
354,316
354,332
354,3630
354,4230
354,4289
355,469
355,734
355,804
355,1571
355,2076
355,2499
355,2576
355,2638
355,3382
355,3464
355,3612
355,4045
355,4703
355,4754
355,4766
356,1077
356,1991
356,2064
356,3036
356,4456
356,4503
356,4970
357,19
357,854
357,915
357,4424
357,4436
357,4510
358,59
358,419
358,1066
358,2456
358,2525
358,2931
358,3430
358,4231
358,4232
358,5064
359,1429
360,365
360,1336
360,2491
360,3234
360,3562
361,725
361,1016
361,1751
361,2170
361,5127
362,1027
362,1051
362,1929
362,3117
362,3132
362,4326
362,4917
363,1314
363,2373
363,2956
363,3558
363,4226
363,4284
363,4912
364,1606
364,3034
364,3573
364,4469
364,4686
365,877
365,1911
365,2902
365,2930
365,4573
365,5066
366,565
366,792
366,1232
366,2841
366,3172
366,3176
366,4050
367,209
367,1323
367,2338
367,2537
367,4664
368,1537
368,4299
368,4301
368,4961
369,447
369,3848
369,4421
370,1059
370,1396
370,2293
370,3680
370,4145
370,5147
371,33
371,2168
371,3656
371,4698
372,337
372,796
372,2246
373,443
373,777
373,2371
373,2374
373,2464
373,2756
373,2832
373,3516
373,3863
374,2165
374,3151
374,3219
374,3560
374,3968
375,510
375,697
375,771
375,4016
375,5151
376,1287
376,2606
376,3183
376,3529
376,4112
377,201
377,317
377,2243
377,2859
377,3082
377,3750
377,4864
378,402
378,623
378,925
378,1019
378,2213
378,4847
379,1048
379,1080
379,3508
379,3979
379,4680
379,4727
380,874
380,1189
380,1225
380,1795
380,2649
380,2965
380,4168
381,1042
381,1997
381,2067
381,2717
381,3604
381,3613
381,4085
382,660
382,681
382,1577
382,2122
382,5003
383,980
383,1883
383,2173
383,3433
383,4312
384,98
384,398
384,654
384,668
384,905
384,1488
384,2625
384,3205
384,3511
385,466
385,1995
385,2754
385,2971
385,3059
385,3317
385,3661
385,4037
385,4614
386,1646
386,2131
386,3014
386,3051
386,3249
386,3431
386,4915
387,2400
387,3952
387,4677
387,5083
388,680
388,894
388,1562
388,1692
388,2711
388,4612
388,4634
389,0
389,36
389,2601
390,472
390,562
390,2240
390,2390
390,3788
390,5048
391,288
391,294
391,624
391,2174
391,3574
391,3705
391,3725
391,4252
392,1757
392,3032
393,1910
393,1940
393,1992
393,3306
393,3480
394,610
394,1024
394,1533
394,1892
394,3593
395,438
395,2838
395,2848
395,3060
395,3069
395,3527
395,4027
395,4531
396,590
396,4842
397,724
397,754
397,942
397,1557
397,2015
397,2991
398,938
398,1159
398,4751
399,518
399,670
399,1094
399,2782
399,3760
400,710
400,2531
401,950
401,2593
401,3858
401,3987
402,3411
402,3985
402,4682
403,1253
403,2222
403,2619
403,2683
403,4407
403,5069
404,648
404,1968
404,4287
405,816
405,1141
405,3280
405,4015
405,5125
406,831
406,3407
407,1616
407,1800
407,2501
407,3134
407,3752
407,4300
407,4973
408,23
408,3813
409,100
409,542
409,616
409,1190
410,239
410,3073
410,3352
410,4368
410,4814
411,242
411,314
411,4062
412,809
412,2000
412,4212
412,4700
413,927
413,1869
413,2254
413,2269
413,2612
414,936
414,1131
414,1226
414,1251
414,1809
414,4375
415,653
415,678
415,1406
415,2354
415,3452
416,475
416,1734
416,1830
416,2589
417,1461
417,1465
417,1556
417,2791
417,3513
417,4315
417,5118
418,313
418,672
418,679
418,1302
418,4576
419,1254
419,2672
419,3342
419,4521
420,698
420,1228
420,2897
420,4825
421,404
421,2158
421,2914
421,3273
421,3679
421,3793
421,4119
422,234
422,3526
422,4104
423,3632
423,3761
423,4589
424,501
424,622
424,3649
424,4071
425,474
425,1973
425,2432
425,3673
425,4319
426,1743
426,2488
426,2728
426,3605
426,3974
426,4117
426,4285
426,5082
427,2826
427,4059
427,4309
427,4718
427,4720
428,822
428,837
428,1147
428,1660
428,1850
428,2855
428,3585
428,4217
428,5112
429,229
429,621
429,1678
429,1811
430,1331
430,2189
430,2296
430,4440
431,3066
431,3097
431,3272
431,3531
431,4356
432,326
432,2667
432,2685
433,1023
433,1392
433,2216
433,3147
434,791
434,2050
434,2275
434,2997
434,3824
434,4887
435,48
435,1848
435,2587
435,2621
435,2637
435,5009
436,1055
436,2006
436,2365
436,3441
436,5093
437,366
437,1015
437,2036
437,2807
437,3319
437,3839
437,4005
437,4039
438,3767
438,4442
439,2077
439,2919
439,3347
440,4313
440,5088
441,694
441,1217
441,1307
441,2146
441,2167
441,2203
441,2257
441,4340
441,4390
442,265
442,768
442,776
442,815
442,883
442,1495
442,1866
442,1959
443,444
443,4343
444,180
444,629
444,2445
444,2446
444,2608
444,3190
444,3849
444,4116
444,5121
445,2646
445,4781
446,236
446,716
446,4655
447,311
447,963
447,2847
447,3854
447,4923
448,1844
448,2740
448,4330
448,4760
448,4806
449,35
449,429
449,1834
449,4590
450,3782
450,4242
451,40
451,152
451,203
451,539
451,1906
451,3716
451,4018
451,4631
452,846
452,1311
452,1431
452,1459
452,1477
452,1884
452,2258
452,3318
452,5109
453,104
453,191
453,732
453,2082
453,4092
454,686
454,2358
454,3039
454,4155
455,970
455,1668
455,2660
455,3015
455,3105
455,3868
455,4895
456,801
456,1486
456,4352
457,2230
457,3888
457,4325
457,4570
458,1679
458,3064
459,1777
459,2381
459,3116
459,3771
459,3946
459,4041
459,5073
460,1710
460,2003
460,2215
460,2322
460,2915
460,3380
460,3523
460,4914
461,18
461,875
461,1864
461,2169
461,4053
461,4186
461,4633
461,4815
461,4822
462,494
462,921
462,3175
462,4628
463,1282
463,1649
463,2736
464,75
464,2475
464,2610
464,2978
464,3755
464,4874
465,745
465,797
465,1708
465,4209
466,1499
466,1654
466,2705
466,3245
466,3341
466,5016
467,339
467,1814
467,2394
467,3335
467,4081
467,4479
467,4579
467,4989
468,515
468,2098
468,3743
468,4922
469,659
469,1208
469,2757
469,2831
469,3726
469,3947
469,4012
469,5132
471,603
471,1212
471,1328
471,2391
471,3590
471,3983
471,4024
471,4357
473,109
473,1478
473,3228
473,3334
473,3532
473,4097
473,4872
474,884
475,107
475,134
475,580
475,1395
475,1916
475,2546
475,3475
475,4645
475,4885
476,682
476,1490
476,1550
476,2156
476,2363
476,2751
476,4748
477,3763
477,4534
478,1555
478,1862
478,3818
478,3857
478,4187
478,4229
478,5077
479,1560
479,4880
479,4950
479,5102
480,96
480,182
480,1666
480,1913
480,3264
480,3736
480,3912
481,92
481,335
481,955
481,1352
481,1999
481,2393
481,3189
482,529
482,1479
482,4519
483,1133
483,1725
483,2519
483,3670
483,3812
483,4955
484,1673
484,3030
484,3230
484,4205
484,4473
485,1806
485,1931
485,2634
485,2877
485,3161
485,4580
485,4603
486,1613
486,2378
486,3355
486,3861
486,4756
487,1103
487,1515
488,412
488,714
488,1255
488,2034
488,2260
488,2567
488,3120
488,3143
488,4044
488,4193
488,4739
488,5054
489,1006
489,1009
489,2714
489,3291
489,3391
489,3908
489,5094
490,1161
490,4068
491,1265
491,1719
491,2702
491,3853
491,4877
491,4882
492,2900
492,3044
492,3588
492,4875
493,272
493,424
493,1889
493,2283
493,2332
494,739
494,2108
494,3003
494,3547
495,1840
495,2763
495,2973
495,3081
495,3972
496,16
497,914
497,4799
498,1152
498,1689
498,2092
498,4797
499,1116
500,1297
500,1322
500,1444
500,1829
500,3643
500,3758
501,1382
502,867
502,2253
502,2289
502,4549
503,1246
503,1453
503,2139
503,3050
503,3366
504,2959
504,3376
504,3600
504,3996
505,81
505,213
505,1608
505,1773
505,3344
505,3420
505,3654
505,4643
506,476
506,753
506,778
506,3005
506,4403
507,1865
507,2836
507,3517
508,528
508,1596
508,2291
508,2466
508,3220
508,4371
509,173
509,667
509,1933
509,3292
509,4106
510,425
510,761
511,1222
511,1877
511,3203
511,3254
511,3666
512,420
512,479
512,2227
512,2592
512,4192
512,4546
513,575
513,870
513,1419
513,3113
513,4861
514,408
514,4462
515,2014
515,2311
515,2686
515,2837
515,2871
515,2891
515,4218
516,233
516,324
516,409
516,835
516,923
516,1052
516,1390
516,3200
516,3674
516,4649
517,174
517,1507
517,1529
517,3253
517,3955
517,4483
518,635
519,281
519,834
519,979
519,2263
519,2631
519,2684
519,3197
519,3421
519,3432
519,4261
519,4578
519,4653
519,4866
519,4972
520,392
520,2438
520,2771
520,2815
520,3455
520,4487
520,4827
520,4891
521,21
521,790
521,1731
521,2813
521,2922
521,3514
521,3945
522,298
522,1036
522,1123
522,1156
522,2075
522,2207
522,2599
522,3239
522,3399
523,2653
523,3962
523,4968
524,912
524,2784
524,2969
524,3867
525,94
525,1408
525,1680
525,2430
525,3266
525,3404
525,3764
525,3776
525,3941
525,3963
525,4723
526,2200
526,2452
526,3156
526,3805
526,3874
527,130
527,503
527,3564
527,3690
527,3997
528,244
528,349
528,491
528,1368
528,2774
528,4000
529,1061
529,2095
529,4316
530,1619
530,1627
530,2058
530,3144
530,4439
530,4504
530,4831
530,5027
531,53
531,318
531,1548
531,2773
531,4228
532,220
532,1155
532,1993
532,2242
532,2262
532,4714
533,321
533,2218
533,2468
533,4243
533,4397
533,4998
534,684
534,1407
534,1713
534,2155
534,3645
534,5042
535,842
535,2639
535,3408
535,4949
535,5036
536,43
536,1563
536,1570
536,1964
536,2392
536,4719
536,4941
537,1063
537,1438
537,1803
537,2955
537,4470
537,4495
537,4668
538,458
538,731
538,1360
538,4269
538,4696
539,395
539,1260
540,2840
540,4019
540,4599
541,295
541,1188
541,1875
541,2152
541,2614
541,2917
541,3033
541,4277
541,4785
541,4986
542,1816
542,2091
542,2928
542,3426
542,3799
542,4169
543,650
544,701
544,749
544,2918
544,4055
545,3106
545,5024
546,530
546,735
546,1500
546,2324
546,3739
546,3901
546,4043
546,4790
547,212
547,407
547,1199
547,1691
547,1810
547,2126
547,2908
547,5060
548,833
548,1184
548,2309
548,2528
548,3065
548,4431
548,4841
549,148
549,1784
549,2341
549,3798
549,3875
550,63
550,1102
550,1569
550,2176
550,2359
550,2829
550,3542
550,3929
550,4400
551,829
551,929
551,2228
551,3287
551,4317
552,537
552,852
552,1213
552,1511
552,2458
552,2865
552,2884
552,2953
552,3485
553,106
553,1383
553,2208
553,2357
553,2551
553,4656
554,2068
554,2124
554,2164
555,823
555,850
555,1028
555,2277
555,2566
555,3894
555,4953
555,4987
555,5068
556,722
556,1002
556,2087
556,3617
556,3905
556,4385
557,108
557,195
557,2434
557,3240
557,4267
558,1234
558,2104
558,2317
559,1508
559,1824
559,3303
559,3883
560,57
560,780
560,1178
560,2234
560,2361
560,3775
561,187
561,906
561,1167
561,4933
562,1236
562,1409
562,1747
562,3876
563,772
563,1400
563,1590
563,2835
563,3204
563,3363
563,3521
563,3710
563,4564
564,908
564,917
564,3419
564,3534
564,3697
564,4725
565,3
565,266
565,1682
565,3316
565,3398
565,4795
566,1631
566,3598
566,3832
566,3977
567,72
567,2080
567,4919
568,26
568,269
568,1100
568,2503
568,3145
568,3148
568,3785
568,3806
568,5059
569,373
569,646
569,1315
569,3469
569,3903
569,3909
569,4298
570,1581
570,1766
570,2313
570,2602
570,3377
570,4956
571,4363
571,4532
571,4681
572,1818
572,4608
573,631
573,1039
573,3188
573,4161
573,4225
574,41
574,961
574,1437
574,1472
574,3061
574,4164
574,4707
574,4789
575,478
575,993
575,4318
575,4342
575,4889
576,122
576,160
576,287
576,309
576,3108
576,3624
576,4337
576,4351
577,718
577,4423
577,4903
578,1972
578,2066
578,2853
578,4948
578,5089
579,1805
579,1925
579,2947
579,3477
579,3576
580,1144
580,4902
581,1941
581,2051
581,2939
581,3087
581,3192
581,4772
582,192
582,882
582,1573
582,4275
583,900
583,1600
583,2433
583,3012
583,4646
584,85
584,1125
585,1398
586,1096
586,1110
586,1451
586,2924
587,202
587,795
587,1339
587,1643
587,1853
587,2093
587,2121
587,2568
587,3715
587,4428
587,4475
587,4846
588,45
588,1269
588,2356
588,3251
588,3460
589,4601
590,3256
590,3718
590,3811
590,3835
591,3300
591,3720
592,3551
592,4078
592,5086
593,1252
594,207
594,1363
594,1389
594,1919
594,2303
594,2457
594,3620
595,127
595,165
595,2417
595,4105
595,4500
595,5047
596,1435
596,1675
596,2337
596,3825
596,3844
596,4262
596,5002
597,609
597,1082
597,2129
597,2588
597,2746
597,2770
597,3769
597,4607
598,1994
598,2579
599,1115
599,1727
599,3992
600,862
600,2428
600,4147
600,4283
600,4600
601,525
601,644
601,728
601,975
602,473
602,933
602,1195
602,3948
603,832
603,1645
603,1909
603,4239
603,4466
603,4486
603,4592
604,1730
604,2074
604,2125
604,2651
604,4828
604,4984
605,1050
605,1163
605,1440
605,1697
605,2521
605,2878
605,3502
606,2042
606,2695
606,2716
606,2745
606,4916
607,1480
607,1686
607,2386
608,1351
608,2037
608,2689
608,3084
608,3412
608,4263
609,90
609,376
609,1460
610,193
610,359
610,2123
610,2975
610,4964
611,1761
611,2182
611,2522
612,573
612,2094
612,2377
613,931
613,2224
613,4659
614,227
614,3242
614,3757
614,3877
614,4136
614,4183
615,740
615,2197
615,3071
615,4651
616,1013
616,2237
616,2241
616,2700
616,3214
616,4640
617,379
617,1233
617,1923
617,2017
617,2514
617,3677
618,989
618,1084
618,1888
618,1952
618,1998
619,145
619,769
619,855
619,1651
619,2187
619,3383
620,299
620,5098
621,1688
621,1779
621,3079
622,934
622,1672
622,2613
622,2654
622,3043
622,3293
622,3301
622,3734
623,453
623,1308
623,1849
623,3238
623,3277
623,4115
623,5023
624,480
624,1230
624,4029
624,4172
625,1565
625,1826
625,2053
625,4731
625,4788
626,1047
626,2662
626,3422
626,3778
626,4195
627,1361
627,4077
627,4350
628,2399
628,2451
628,2825
628,2938
628,3729
629,323
629,2993
629,3699
630,73
630,185
630,221
630,263
630,743
630,2326
630,2941
630,3745
630,4100
631,151
631,277
631,981
631,1359
631,1625
631,1799
631,2001
631,3803
632,1469
633,30
633,169
633,1674
633,3882
633,4175
633,5145
634,1267
634,2120
634,3016
634,3092
635,141
635,1411
635,1526
635,1665
635,3157
635,3373
635,3481
635,4359
635,4447
636,2196
636,4266
637,1705
637,4236
637,4396
638,499
638,691
638,1946
638,3988
639,1112
639,1622
639,2921
639,4022
640,261
640,3296
640,3591
640,4826
641,222
641,333
641,578
641,1572
641,1934
641,2279
641,2573
641,2789
641,4509
642,205
642,595
642,1008
642,4740
643,973
643,2730
643,4128
644,3994
644,4616
645,2320
645,2334
646,1229
646,3899
646,4006
646,4007
646,5103
647,1218
647,3041
647,3290
647,3878
647,4441
647,4451
647,4763
648,1439
648,1961
648,3608
648,4211
648,4349
648,4810
649,3283
649,3851
650,215
650,1337
650,2723
650,4358
651,1090
651,1216
651,2565
651,2661
651,2795
651,3707
651,4095
651,4122
651,4365
651,4588
651,4594
651,4837
652,2732
652,3299
652,3662
653,601
653,1639
653,1854
653,2056
653,2484
653,3102
653,3305
653,4060
653,4784
654,3165
654,4630
655,355
655,600
655,2138
655,3730
655,4124
656,628
656,1768
656,1985
656,2350
656,2898
656,4040
656,4501
656,4635
657,1263
657,1677
657,2106
657,3056
657,3584
657,4550
658,2282
658,2569
658,2972
658,4661
659,1424
659,1987
659,2153
659,4710
660,164
660,384
660,1605
660,2071
660,2172
661,1726
661,4543
661,4881
662,463
662,712
662,841
662,1273
662,2345
662,2409
662,3080
662,3222
662,3672
662,4522
662,4574
662,5072
663,70
663,334
663,512
663,1601
663,2223
663,3668
664,274
664,937
664,1291
664,4465
664,4991
665,820
665,1434
665,2414
665,2448
665,2542
665,3365
665,3915
665,4622
665,5136
666,249
666,895
666,901
666,1142
666,3331
667,66
667,4536
667,4648
668,139
668,340
668,1338
668,2180
668,2687
668,2903
668,3787
669,3047
669,4047
669,4156
669,4832
670,301
670,459
670,707
670,1657
670,2883
670,4807
671,872
671,1166
671,2916
671,5139
672,154
672,1552
672,1553
672,1891
672,4457
673,857
673,1026
673,2679
673,3468
674,147
674,803
674,1197
674,4292
675,1060
675,2023
675,2406
675,2572
676,1519
676,2471
676,2544
677,774
677,1130
677,1536
677,2384
677,3139
677,4049
677,4109
678,965
678,3777
678,4721
679,405
679,506
679,639
679,1274
679,2863
679,3173
679,3810
679,4502
679,4560
680,2149
680,3326
680,3592
680,4234
681,305
681,3360
681,3816
681,4492
681,4773
681,4830
682,241
682,1530
682,3596
682,4273
682,4381
683,715
683,1621
683,2934
683,4422
683,4493
683,4584
683,5008
684,856
684,1564
684,1685
684,2251
684,2288
684,5148
685,149
685,1333
685,2314
685,2493
685,3505
685,3638
685,4747
686,1841
686,1842
687,99
687,307
687,598
687,1045
687,1139
687,1456
687,2597
687,2766
687,2860
688,12
688,214
688,531
688,666
688,1629
688,1632
688,2486
688,3042
688,4197
689,1494
689,2113
689,2179
689,3337
690,348
690,3031
690,4074
691,1765
691,2214
691,3020
691,5097
692,377
692,1527
692,3653
692,3685
692,3881
692,4101
693,3358
693,3980
693,4141
693,4328
693,4399
694,84
694,1162
694,1669
694,2899
694,4844
695,1653
695,2623
695,3356
695,3890
696,741
696,1517
696,2492
696,3072
696,3361
697,1344
697,1732
697,2065
698,751
698,940
698,1140
698,1833
698,2692
698,4031
699,1342
699,1416
699,1497
699,1950
699,2083
699,2307
699,3258
699,4562
699,4976
699,5050
700,1457
700,3483
700,4683
700,5034
701,2101
701,3328
702,322
702,1348
702,1659
702,1977
703,1227
703,3338
703,4140
704,34
704,336
704,1079
704,1266
704,4410
704,4432
704,4939
704,4999
705,1714
705,3279
705,3479
705,3864
705,4525
705,4540
705,4726
705,5120
706,755
706,1886
706,3353
706,3371
706,3742
707,702
707,817
707,2383
707,2425
707,4650
708,71
708,1676
709,596
709,1447
709,1769
709,1781
709,2072
709,3442
709,3501
709,3916
710,1789
710,2190
710,3048
710,4587
710,4783
711,1974
711,2487
711,3484
711,4426
711,4803
712,540
712,5146
713,422
713,2264
713,3402
713,4477
713,4764
714,176
714,789
714,4931
715,381
715,1598
715,2280
715,2364
715,4835
716,1117
716,2431
716,3053
716,3880
716,4058
717,52
717,2598
717,3271
717,3956
717,4478
718,996
718,3557
719,1289
719,2028
720,781
720,1709
721,481
721,1418
721,3215
721,3836
721,4969
722,986
722,1918
722,5032
723,688
724,589
724,1898
724,2509
724,2734
724,2851
724,3686
724,3869
725,5
725,962
725,1276
725,4008
725,4256
725,4476
726,952
726,969
726,1541
726,3847
726,4137
726,4583
726,5015
727,1861
727,2812
727,4947
728,208
728,2460
728,3167
728,3579
728,3663
728,3976
728,4170
728,4406
729,490
729,2160
729,2470
729,3925
730,1037
730,1441
730,2474
730,3423
730,3623
731,284
731,742
731,1114
731,1740
731,2850
731,3109
731,4787
731,4873
732,873
732,897
732,2806
732,2892
732,4615
733,2198
733,2301
733,3315
733,3397
734,959
734,1224
734,1767
734,1957
734,3131
734,4148
735,158
735,1248
735,1272
735,4075
735,5049
736,471
736,983
736,1487
736,1595
736,2532
736,4547
736,4658
737,250
737,5021
738,406
738,1593
738,2477
738,3182
738,3387
738,4214
738,4906
739,97
739,2300
739,2385
739,3029
739,3307
740,1812
740,3196
740,3669
741,664
741,763
741,1106
741,1896
741,3096
741,3746
741,4160
741,4942
742,819
742,1215
742,1927
742,2927
743,638
743,2185
743,3737
743,4374
744,1458
744,1609
744,2439
744,2682
744,4278
744,4995
745,1299
745,1470
745,2469
745,4918
746,939
746,1135
746,1436
746,1696
746,2048
746,3830
746,3928
747,1
747,719
747,2047
747,2600
747,3823
747,4268
747,4567
748,2946
748,3512
748,3986
748,4855
749,211
749,2327
749,2513
749,4013
749,4248
749,4724
750,2114
750,2636
750,3372
750,3494
750,3539
751,534
751,2368
751,2515
752,95
752,1198
752,1384
752,1602
752,1611
752,2211
753,840
753,1413
753,2019
753,2502
753,4260
753,4559
754,273
754,602
754,1514
754,2724
754,2910
754,3309
755,3448
755,4796
756,46
757,1074
757,1771
757,3198
757,4836
758,485
758,1374
758,1724
759,2355
759,2605
759,4213
761,2166
761,4463
762,156
762,757
762,1462
762,4159
763,1011
763,3768
763,3772
763,4496
764,1970
764,2664
764,3831
764,4871
765,179
765,687
765,794
765,2292
765,2555
765,3457
765,4010
765,4459
765,4490
766,327
766,449
766,613
766,1790
767,50
767,1186
767,1733
767,1897
768,647
768,1502
769,630
769,984
769,998
769,2273
769,2657
769,3364
770,218
770,1542
770,4735
770,4743
770,4878
771,1599
771,1945
771,2720
771,3077
771,3259
771,3278
771,3639
771,3895
771,3967
771,4259
771,4537
771,5149
772,1391
772,2776
772,4366
773,2171
773,2225
773,2533
773,3075
773,4637
774,1876
774,5065
775,120
775,1320
775,1538
775,2308
775,3184
775,3552
775,3664
775,4032
775,4204
776,640
776,1782
776,3095
776,3754
776,5137
777,1355
777,2681
778,1796
778,1914
778,3889
778,4051
779,1284
779,1845
779,2100
779,2553
779,3162
779,3413
779,3969
779,4079
779,4983
780,2097
780,2229
780,2420
780,3522
781,258
781,2961
781,3942
782,717
782,1624
782,2389
782,2658
782,4641
783,1053
783,1211
783,1549
783,2447
783,4221
783,4515
783,5055
784,115
784,538
784,1474
784,2450
784,3738
784,3744
784,5038
785,849
785,861
785,2186
785,2362
785,3971
786,436
786,3124
786,4833
787,292
787,1354
787,2367
787,3320
787,3322
788,58
788,2490
788,4377
789,665
789,1132
789,1578
789,4557
789,4728
790,617
790,930
790,1901
790,1966
790,2339
790,2698
790,3396
790,3633
790,3860
791,175
791,389
791,2049
791,2177
791,3010
791,3964
792,748
792,892
792,2380
792,2669
792,3368
792,4602
793,1034
793,1807
793,2578
793,3821
794,770
794,866
794,1136
794,1256
794,1839
794,4220
794,4732
795,129
795,2379
795,4393
796,380
796,1327
796,1394
796,2004
796,2476
796,2731
796,3385
797,1105
797,2046
797,3570
798,1029
798,1820
798,1868
798,2407
798,3650
798,5100
799,150
799,738
799,1971
799,2979
799,3388
799,4865
800,296
800,1164
800,1684
800,1817
800,1863
800,2271
800,2395
800,4190
800,4276
801,586
801,1370
801,2134
801,2585
801,2858
801,3920
801,4188
802,1802
803,416
803,946
803,1101
803,1546
803,2335
803,3327
803,4088
804,544
804,721
804,2437
804,2677
804,3892
805,157
805,3224
805,3561
806,93
806,123
806,285
806,2360
806,2427
806,3453
806,4812
807,116
807,4624
808,62
808,68
808,252
808,4098
809,20
809,82
809,3700
809,3747
809,4857
809,4904
810,497
810,1958
810,2721
810,4080
810,4636
811,582
811,1149
811,1476
811,2880
811,3330
811,3797
811,3923
812,268
812,495
812,3130
812,3865
812,4146
812,4979
813,401
813,1385
813,1902
813,3206
813,4376
814,1399
814,3719
815,44
815,461
815,1003
815,1522
815,2089
815,3829
815,3872
815,4054
815,5018
815,5130
816,1349
816,2788
816,2864
816,4852
816,4978
817,8
817,1194
817,1894
817,2781
817,2992
817,3000
817,3046
817,4121
818,304
818,1663
818,2009
818,2244
818,2805
818,3250
818,4173
818,4687
819,800
819,1018
819,1089
819,1196
819,2110
819,2849
819,3212
819,3425
819,3595
820,3241
821,746
821,976
821,1292
821,1300
821,2932
821,3152
822,440
822,568
822,2060
822,2411
822,2951
822,3231
822,3568
822,3998
823,1261
823,2462
823,2895
823,4879
824,1203
824,2759
824,3243
824,3294
825,526
825,1851
825,3711
825,3827
825,3933
826,101
826,320
826,2150
826,2701
826,3390
827,448
827,579
827,4468
827,4791
827,4848
828,588
828,1316
828,1749
828,2709
828,3940
828,4652
828,4990
829,1641
829,3140
829,3937
829,4091
829,4706
830,825
830,1205
830,1433
830,3927
830,4063
831,47
831,786
831,828
831,1770
831,3099
831,3325
832,2624
832,3098
832,3727
832,3932
833,278
833,2188
833,2333
833,2688
833,2758
833,3462
833,4355
833,4572
834,1721
834,1835
834,2699
834,2876
834,3756
835,1512
835,2029
835,4445
837,1264
837,1543
838,353
838,368
838,614
838,878
838,1426
838,2827
838,3302
838,4702
839,1012
839,3646
839,4460
839,4777
840,558
840,4811
840,4962
841,1525
841,2465
841,4154
841,4367
841,4541
842,1699
842,3393
843,1180
843,1376
843,3753
843,4030
843,4327
844,4535
845,1179
845,2520
845,2893
845,3177
845,4820
846,1153
846,2330
846,3038
846,3586
847,427
847,2005
847,2990
847,3721
848,343
848,1056
848,2421
849,486
849,625
849,2611
849,2830
849,3993
850,4290
851,1980
851,2834
851,3692
851,4303
852,556
852,1345
852,1738
852,4210
852,4398
852,4568
852,4744
852,4862
853,1121
853,1126
853,2007
853,3086
854,699
854,3067
854,3652
854,3990
855,146
855,1524
855,3546
855,4176
855,4516
855,4821
855,5128
856,632
856,1220
856,1340
856,3794
856,4073
856,4793
856,5129
857,552
857,3122
857,3446
857,3621
857,3950
857,4928
858,1900
858,2524
858,2752
858,4332
859,15
859,1150
859,1711
859,2366
859,2963
859,3123
860,1736
860,1878
860,2748
860,2785
860,4856
861,28
861,766
861,2220
861,2336
861,3078
861,3454
861,4449
861,4619
861,4669
862,1022
862,3781
863,2548
863,4341
863,5079
864,275
864,1093
864,1867
864,2194
864,3735
865,3636
865,4480
866,1270
866,3074
866,3841
867,709
867,1737
867,4383
867,4415
867,4804
868,4533
869,161
869,3951
869,4182
870,393
870,967
870,3137
870,4693
871,1620
871,2796
872,3343
872,4048
872,4409
873,560
873,1298
873,2310
873,4378
874,199
874,328
874,708
874,1122
874,1903
874,1944
874,1976
874,2673
874,3028
874,3450
875,1210
875,1836
875,3045
875,3128
875,3168
875,3236
875,4227
875,4688
876,189
876,1516
876,3902
876,4286
877,2536
877,5033
878,1635
878,1748
878,1928
879,1183
879,1364
879,4174
879,4379
881,1025
881,1086
881,1776
882,520
882,550
882,1244
882,1775
882,2703
882,2983
882,5053
883,2239
883,2405
883,2442
883,2505
883,2762
883,2901
883,3217
883,3714
883,4491
884,569
884,1004
884,1683
884,1722
884,2820
884,3354
884,4561
885,1981
885,2035
885,2045
885,2769
885,4138
886,2191
886,2733
887,548
887,3171
887,3340
887,3424
887,3559
887,4241
888,1943
888,3378
888,4021
888,4839
889,1520
889,2907
889,2996
889,4297
890,7
890,255
890,2779
890,4223
890,4935
891,417
891,563
891,868
891,1793
891,1831
891,3323
891,4860
892,3126
892,3369
892,3571
892,4530
893,247
893,1303
893,2136
893,2268
893,2925
894,785
894,2128
894,5092
895,516
895,2281
895,3037
895,3473
895,3712
895,4929
896,56
896,372
896,1819
896,2640
896,3866
896,4294
896,4629
896,4667
896,4800
896,4843
897,467
897,1154
897,1305
897,1582
897,1588
897,2478
897,3164
897,3538
897,3575
897,3728
897,4171
898,1505
898,2833
898,3599
898,3924
899,733
899,1118
899,3191
899,4094
899,5010
900,879
900,1250
900,4430
900,4471
901,431
901,1989
901,2070
901,3154
901,4196
901,4199
902,606
902,2285
902,3496
902,4738
902,5099
903,574
903,2887
903,3367
904,163
904,655
904,992
904,2143
904,2896
904,2913
904,3052
904,3493
904,4111
904,5020
905,649
905,1242
905,1334
905,3628
905,4130
905,4647
905,4670
905,4901
906,2
906,1838
906,3321
906,4752
906,4817
907,561
907,988
907,1362
907,3004
907,3153
907,4025
907,4125
907,4139
907,4494
907,4606
908,1185
908,1357
908,1410
908,2352
908,2819
908,3427
909,943
909,1893
909,2540
909,4364
909,4854
910,4
910,907
910,1098
910,1652
910,1856
910,4002
910,4977
911,110
911,2404
911,2577
912,411
912,2274
912,3158
912,4258
912,4591
912,4794
912,5071
913,760
913,2102
913,3394
913,3463
914,470
914,966
914,2346
914,2772
914,2906
914,3275
914,4849
915,69
915,1938
915,1948
915,3748
915,4618
915,4911
916,545
916,564
916,995
916,4257
917,1935
917,2016
917,3790
918,132
918,807
918,1111
918,2455
918,2496
918,2803
918,3581
918,4380
918,4553
918,4894
918,4898
918,5057
919,442
919,759
919,1706
919,4539
920,3208
921,374
921,1975
921,3022
921,3119
921,3218
921,4149
921,4982
922,2441
922,3345
922,4528
923,432
923,567
923,727
923,951
923,1491
923,1559
923,2675
923,3312
924,2018
924,2556
924,3855
924,4930
924,4985
925,1200
925,3490
925,3906
925,3958
926,799
926,3018
926,3492
926,4657
927,4455
927,4755
928,397
928,2210
928,3284
928,4417
928,4776
929,557
929,1306
929,1420
929,2670
929,3008
929,3476
930,11
930,38
930,456
930,1169
930,3392
930,3694
930,5117
931,338
931,810
931,1607
931,3567
931,3989
931,4302
932,2079
932,3178
932,3487
932,4052
932,4240
933,65
933,488
933,2523
933,3822
933,3885
933,4333
934,303
934,723
934,1001
934,2632
934,2671
934,3216
934,3486
935,248
935,2054
935,2315
935,2415
936,434
936,1762
936,2111
936,3166
936,3324
936,4372
936,4389
937,204
937,1687
937,1755
937,1962
937,2994
937,3543
938,484
938,2527
938,2810
938,3681
939,2248
939,4691
940,346
940,3467
940,3766
940,4586
941,1798
941,2201
941,2802
941,4215
942,354
942,1240
942,4538
942,5150
943,198
943,460
943,1097
943,1473
943,2643
943,3083
943,3415
943,3601
943,3898
944,196
944,2719
945,363
945,508
945,1531
945,1922
945,4936
946,863
946,2650
946,4429
947,2429
947,2571
947,3088
947,4896
948,2142
948,2305
948,3554
948,4617
949,2494
949,2857
949,3155
949,3252
949,3862
949,3914
949,4185
950,1301
950,3304
950,3918
950,3960
951,331
951,1109
951,1667
951,1744
951,3107
951,3693
951,3846
952,504
952,1031
952,1387
952,1628
952,3510
952,4920
953,4070
953,4545
953,4673
953,4737
954,911
954,1124
954,1752
954,2504
955,845
955,904
955,1658
955,2538
955,2710
955,4713
955,5028
956,2033
956,2968
957,1882
957,1907
957,2026
958,1057
958,3223
959,898
959,1587
959,1828
959,3346
959,4189
959,5110
960,24
960,388
960,3702
961,219
961,847
961,2741
961,2767
962,253
962,1207
962,2866
962,2964
962,5019
963,1095
963,1219
963,1568
963,1763
963,2325
964,230
964,262
964,345
964,945
964,1484
964,1723
964,2628
964,2635
964,3696
964,3740
964,4143
965,410
965,2674
965,2854
965,5007
966,1412
966,2057
966,3765
967,1280
967,1760
967,1788
967,2103
967,3489
967,4505
968,111
968,1326
968,1872
968,1949
968,3199
968,3695
968,5113
969,864
969,1040
969,1401
969,1822
969,2055
969,2516
969,3774
970,54
970,186
970,1937
970,2926
970,3635
971,1483
971,3852
971,3859
972,496
972,523
972,576
972,645
972,4554
972,4966
973,2633
973,2743
973,4307
973,4627
974,390
974,1405
974,3982
975,1010
975,3257
975,3434
975,4867
976,188
976,378
976,1671
976,1926
976,2775
976,2778
976,3683
976,5111
976,5119
977,142
977,2644
977,2950
977,4672
977,4767
977,4952
978,744
978,1746
979,517
979,571
979,957
979,2265
980,584
980,2976
981,677
981,2659
981,2738
981,3751
981,4306
981,4395
982,2822
982,2988
982,4610
982,5087
983,1759
983,3370
983,3949
983,4323
983,4883
984,1175
984,3723
984,4452
984,4685
984,5063
985,591
985,1030
985,2467
985,2627
985,3800
985,4446
985,4565
986,308
986,1143
986,2184
986,2382
986,3657
986,4222
986,4632
987,839
987,1070
987,1245
987,1523
987,1924
987,3040
987,4373
988,2436
988,3379
988,3569
988,3634
988,4910
988,5134
989,1176
989,1489
989,1503
989,1551
989,2824
989,3578
989,4103
989,5142
990,736
990,2178
990,3023
990,3802
990,4014
990,4605
991,138
991,464
991,2980
991,4663
992,805
992,926
992,968
992,1033
992,1277
992,1585
992,1915
993,2933
993,3414
993,4067
993,4458
994,546
994,643
994,657
994,1000
994,1707
994,2557
994,3973
994,4638
994,5030
995,105
995,1204
995,3101
995,3667
995,3953
996,903
996,944
996,2252
996,2874
996,3500
997,960
997,1421
997,2881
997,3233
998,656
998,700
998,1381
998,3062
998,3609
998,3631
998,4595
998,4940
999,181
999,371
999,899
999,1580
999,2454
999,3676
999,3873
999,4416
999,4907
